{"name": "DPO", "val_loss": 0.02118121788089411, "val_ROC_AUC": 0.7874222222222221, "val_PR_AUC": 0.7784106605496636, "val_crit_real_mean": -15.268226356506348, "val_crit_real_std": 2.9652133877076663, "val_crit_sampled_mean": -12.138982470830282, "val_crit_sampled_std": 2.6041798017012034}