{"name": "DPO", "val_loss": 0.6931471824645996, "val_ROC_AUC": 0.6906666666666667, "val_PR_AUC": 0.7218304563468132, "val_crit_real_mean": 0.698199603431082, "val_crit_real_std": 1.4143092184148418, "val_crit_sampled_mean": 1.7948566878959538, "val_crit_sampled_std": 1.9645487089717375}