{"name": "DPO", "val_loss": 0.6931471824645996, "val_ROC_AUC": 0.7181333333333334, "val_PR_AUC": 0.7620229155848569, "val_crit_real_mean": 3.3773650630315144, "val_crit_real_std": 1.5830086768804497, "val_crit_sampled_mean": 4.785564741293589, "val_crit_sampled_std": 2.0208853145791466}