{"name": "DPO", "val_loss": 0.6931471824645996, "val_ROC_AUC": 0.5892444444444445, "val_PR_AUC": 0.6445348898720384, "val_crit_real_mean": 4.943574445843697, "val_crit_real_std": 1.3590788227363657, "val_crit_sampled_mean": 5.440377206007639, "val_crit_sampled_std": 1.8153187233596206}