{"name": "DPO", "val_loss": 0.0005173651394698006, "val_ROC_AUC": 0.99, "val_PR_AUC": 0.9909992673709844, "val_crit_real_mean": -19.077691300710043, "val_crit_real_std": 2.9471476273710686, "val_crit_sampled_mean": -10.122054227193196, "val_crit_sampled_std": 2.7937069242853343}