{"name": "DPO", "val_loss": 0.008294211681907963, "val_ROC_AUC": 0.8859555555555554, "val_PR_AUC": 0.9004544149185614, "val_crit_real_mean": -15.268226356506348, "val_crit_real_std": 2.9652133877076663, "val_crit_sampled_mean": -10.216671086152395, "val_crit_sampled_std": 2.9365909411556217, "crit_real": [-16.411121368408203, -11.110169410705566, -17.330402374267578, -17.39276123046875, -19.541669845581055, -15.138681411743164, -15.056425094604492, -11.895284652709961, -12.44186019897461, -10.79819107055664, -20.351734161376953, -16.59187889099121, -12.41673469543457, -15.113754272460938, -17.182531356811523, -14.717976570129395, -13.69099235534668, -20.756589889526367, -15.479252815246582, -11.575368881225586, -12.106711387634277, -12.27945327758789, -13.027042388916016, -14.020431518554688, -18.2773380279541, -13.895429611206055, -19.316781997680664, -12.752154350280762, -15.300979614257812, -13.1959810256958, -16.573740005493164, -20.189815521240234, -20.12453842163086, -15.591490745544434, -13.108207702636719, -9.174839973449707, -10.780834197998047, -16.925168991088867, -17.545578002929688, -12.6666841506958, -10.6561918258667, -12.800614356994629, -14.579983711242676, -19.22608757019043, -16.051454544067383, -18.28765869140625, -16.33175277709961, -13.380815505981445, -13.027186393737793, -18.706100463867188, -14.534186363220215, -16.86064910888672, -15.267545700073242, -19.970779418945312, -14.216333389282227, -22.904157638549805, -20.07731056213379, -18.033105850219727, -14.216630935668945, -13.812410354614258, -12.40437126159668, -16.143247604370117, -14.930909156799316, -15.06054401397705, -20.442874908447266, -17.943538665771484, -17.016664505004883, -13.7738676071167, -12.52295970916748, -16.038021087646484, -15.661328315734863, -17.855449676513672, -15.262261390686035, -13.605889320373535, -18.024093627929688, -15.397195816040039, -13.265134811401367, -13.383553504943848, -16.985624313354492, -15.886378288269043, -22.50554656982422, -11.597914695739746, -22.139802932739258, -16.688831329345703, -10.119039535522461, -16.644725799560547, -13.2776460647583, -14.292732238769531, -18.075523376464844, -10.929089546203613, -18.585729598999023, -14.527472496032715, -14.992680549621582, -18.329620361328125, -15.847197532653809, -11.809847831726074, -13.834647178649902, -17.203304290771484, -14.50656795501709, -13.456199645996094, -10.795661926269531, -18.728307723999023, -14.188773155212402, -16.08263397216797, -17.395233154296875, -14.624130249023438, -14.892565727233887, -12.844819068908691, -16.146392822265625, -14.567317962646484, -15.009057998657227, -19.268918991088867, -8.422008514404297, -20.162153244018555, -16.20050811767578, -10.253639221191406, -17.0425968170166, -16.372690200805664, -19.218006134033203, -13.618904113769531, -15.239737510681152, -16.40022087097168, -19.24341583251953, -10.731715202331543, -19.19305419921875, -18.584054946899414, -14.679160118103027, -13.614620208740234, -15.335094451904297, -11.54997444152832, -13.565848350524902, -13.190174102783203, -10.243694305419922, -15.612785339355469, -14.838786125183105, -18.280248641967773, -13.666953086853027, -14.329410552978516, -18.102001190185547, -12.455907821655273, -15.23249340057373, -21.18742561340332, -14.869418144226074, -10.006417274475098, -13.709033012390137, -9.846769332885742, -12.985607147216797, -15.91092300415039, -16.74948501586914, -9.289641380310059], "crit_sampled": [-10.096586227416992, -9.9578857421875, -9.175145149230957, -10.904288291931152, -10.171606063842773, -7.805215358734131, -12.098929405212402, -9.90424633026123, -6.560920715332031, -8.491942405700684, -13.329358100891113, -7.97695255279541, -9.837547302246094, -11.796463966369629, -10.400726318359375, -7.5898966789245605, -9.360306739807129, -14.55697250366211, -7.266817092895508, -9.409476280212402, -9.205514907836914, -9.114938735961914, -10.52457046508789, -13.736077308654785, -7.794981479644775, -15.261539459228516, -10.57280158996582, -9.745550155639648, -12.455276489257812, -12.140463829040527, -9.77469539642334, -13.675751686096191, -19.14568519592285, -10.899341583251953, -8.844103813171387, -9.610121726989746, -9.1296968460083, -13.999298095703125, -14.662099838256836, -7.4395647048950195, -7.949244022369385, -8.200583457946777, -7.999917030334473, -11.532943725585938, -10.713545799255371, -8.210220336914062, -16.606672286987305, -11.736499786376953, -9.918752670288086, -15.357625961303711, -12.239117622375488, -8.705989837646484, -13.045150756835938, -13.873886108398438, -8.976227760314941, -18.192712783813477, -12.149441719055176, -13.886093139648438, -10.111363410949707, -9.579757690429688, -7.886838436126709, -9.816490173339844, -17.60060691833496, -6.743626594543457, -12.849004745483398, -10.671418190002441, -11.85010814666748, -6.0484538078308105, -10.431493759155273, -13.112383842468262, -9.611104965209961, -12.158679008483887, -5.6484375, -9.114551544189453, -10.354084014892578, -9.416539192199707, -10.514756202697754, -9.334504127502441, -10.056051254272461, -12.173066139221191, -12.05262279510498, -6.936487674713135, -17.03241729736328, -12.570972442626953, -1.9581459760665894, -11.279035568237305, -8.07029914855957, -7.274721622467041, -8.232494354248047, -8.809969902038574, -6.516481399536133, -8.29086971282959, -16.510547637939453, -11.27560806274414, -11.693197250366211, -8.932149887084961, -10.033212661743164, -7.120397090911865, -6.588431358337402, -11.829001426696777, -9.349276542663574, -12.909286499023438, -6.548812389373779, -7.103100299835205, -12.842063903808594, -6.885679721832275, -9.291953086853027, -10.191686630249023, -8.316036224365234, -9.271387100219727, -11.219303131103516, -7.8313984870910645, -7.598809719085693, -14.080453872680664, -9.312031745910645, -11.042458534240723, -15.228257179260254, -5.631374835968018, -16.456087112426758, -8.145587921142578, -8.856873512268066, -13.327757835388184, -12.217710494995117, -3.808075189590454, -6.49017333984375, -14.403849601745605, -8.12263298034668, -7.115253925323486, -9.631826400756836, -7.767914772033691, -9.26488971710205, -9.662267684936523, -10.579411506652832, -11.783344268798828, -7.316824436187744, -12.846776008605957, -9.942768096923828, -8.93764877319336, -10.799241065979004, -9.796915054321289, -12.690301895141602, -16.783857345581055, -8.12167739868164, -7.541327476501465, -5.734363555908203, -6.821725845336914, -4.91517448425293, -6.513585567474365, -9.340607643127441, -10.302477836608887]}