{"name": "DPO", "val_loss": 0.009290089331310973, "val_ROC_AUC": 0.9653333333333334, "val_PR_AUC": 0.9690871995820357, "val_crit_real_mean": -17.122286542256674, "val_crit_real_std": 3.000631482365907, "val_crit_sampled_mean": -9.152132609685262, "val_crit_sampled_std": 3.171829285593699, "crit_real": [-15.183259010314941, -19.379859924316406, -21.638959884643555, -18.199447631835938, -17.276866912841797, -15.515087127685547, -16.79155158996582, -16.17896270751953, -19.120397567749023, -20.305870056152344, -15.302703857421875, -15.066311836242676, -17.069093704223633, -20.6431884765625, -16.281068801879883, -14.494946479797363, -19.288007736206055, -15.266669273376465, -21.03107261657715, -16.258071899414062, -19.13388442993164, -13.18690299987793, -10.97791862487793, -19.05071258544922, -14.180227279663086, -23.845842361450195, -19.286165237426758, -14.654597282409668, -15.047588348388672, -13.266770362854004, -18.197715759277344, -9.537627220153809, -22.526247024536133, -16.089797973632812, -19.13060760498047, -18.060075759887695, -18.93808364868164, -12.566832542419434, -19.04183006286621, -20.56533432006836, -14.774575233459473, -17.719993591308594, -13.682478904724121, -11.974308013916016, -15.902050018310547, -17.4183292388916, -10.127829551696777, -17.45012855529785, -16.154430389404297, -18.661415100097656, -12.31307315826416, -19.780414581298828, -14.52590274810791, -13.643962860107422, -15.805767059326172, -18.00411033630371, -19.406755447387695, -13.91673755645752, -20.511932373046875, -11.229705810546875, -14.811239242553711, -15.036486625671387, -20.010766983032227, -20.968711853027344, -17.640005111694336, -17.610078811645508, -19.68952751159668, -14.93212890625, -11.347454071044922, -15.383282661437988, -15.555228233337402, -16.149118423461914, -15.724807739257812, -16.91828727722168, -18.867965698242188, -14.449885368347168, -17.857566833496094, -14.003037452697754, -21.017786026000977, -21.297565460205078, -24.209972381591797, -15.695491790771484, -15.552803039550781, -17.926118850708008, -20.435606002807617, -17.39275360107422, -22.257856369018555, -15.637042045593262, -18.723360061645508, -22.799829483032227, -22.81133270263672, -15.570646286010742, -18.655344009399414, -18.352489471435547, -14.294933319091797, -12.771211624145508, -13.340574264526367, -16.658132553100586, -16.95833396911621, -17.748809814453125, -17.665081024169922, -15.86325454711914, -15.577478408813477, -17.041101455688477, -15.206327438354492, -16.080129623413086, -15.542852401733398, -16.011781692504883, -18.628267288208008, -14.443608283996582, -15.057355880737305, -16.83845329284668, -20.182716369628906, -18.14202880859375, -20.496089935302734, -19.530961990356445, -22.98078727722168, -15.45330810546875, -18.334362030029297, -12.314608573913574, -19.066816329956055, -12.657160758972168, -17.85357093811035, -22.584230422973633, -14.67867374420166, -23.254213333129883, -23.133678436279297, -16.58875846862793, -13.082743644714355, -21.6405029296875, -12.617010116577148, -13.566904067993164, -20.413307189941406, -16.60000991821289, -17.89600372314453, -15.476736068725586, -21.337722778320312, -17.78842544555664, -18.87310218811035, -15.980355262756348, -21.2537841796875, -13.923933982849121, -17.901042938232422, -15.806758880615234, -20.89761734008789, -18.770898818969727, -15.429052352905273, -14.972805976867676, -17.508865356445312, -17.75411033630371], "crit_sampled": [-6.213444709777832, -12.100668907165527, -9.571775436401367, -4.339287281036377, -6.503515720367432, -9.846048355102539, -14.85107421875, -11.970375061035156, -8.869573593139648, -7.551302909851074, -11.978856086730957, -5.268401622772217, -14.955253601074219, -12.081620216369629, -6.989621162414551, -2.1727020740509033, -11.081504821777344, -7.057791233062744, -7.1628098487854, -8.935343742370605, -3.9657044410705566, -2.737516403198242, -9.353288650512695, -12.080869674682617, -4.228452205657959, -14.62885570526123, -15.895078659057617, -8.78869915008545, -13.132474899291992, -11.116339683532715, -8.499062538146973, -5.053257942199707, -15.1430025100708, -6.118473052978516, -7.200930118560791, -8.50062370300293, -13.433967590332031, -7.04525899887085, -18.719717025756836, -8.67524528503418, -8.20224380493164, -12.432852745056152, -7.343280792236328, -9.7946195602417, -11.462872505187988, -6.098364353179932, -8.07093334197998, -8.647621154785156, -7.825422763824463, -13.407654762268066, -11.421380996704102, -8.623093605041504, -11.112695693969727, -11.502220153808594, -5.4002909660339355, -13.709192276000977, -8.034517288208008, -11.544934272766113, -12.294163703918457, -7.586321830749512, -7.054101467132568, -5.796807289123535, -10.616800308227539, -7.766230583190918, -10.258562088012695, -15.310504913330078, -8.47521686553955, -7.52060604095459, -9.203917503356934, -12.659399032592773, -4.087925434112549, -9.181511878967285, -6.422099590301514, -3.5155587196350098, -11.004949569702148, -8.033629417419434, -7.107929706573486, -5.945436000823975, -9.363847732543945, -13.296605110168457, -10.694433212280273, -6.774074077606201, -11.102349281311035, -11.874645233154297, -1.808013677597046, -9.934782028198242, -14.552361488342285, -11.166786193847656, -13.818449974060059, -9.864684104919434, -10.088916778564453, -9.529030799865723, -9.539405822753906, -6.119795799255371, -7.583170413970947, -5.916809558868408, -6.029747486114502, -7.943857669830322, -9.224467277526855, -9.823654174804688, -9.424684524536133, -12.341800689697266, -8.534642219543457, -12.146136283874512, -5.412699222564697, -5.889270305633545, -11.386523246765137, -11.017245292663574, -8.349206924438477, -9.976914405822754, -4.581746578216553, -11.710405349731445, -4.99931001663208, -13.379822731018066, -12.130762100219727, -5.790925025939941, -11.504091262817383, -9.058009147644043, -11.16159725189209, -10.11668586730957, -6.681945323944092, -7.715676784515381, -10.028424263000488, -5.296002388000488, -3.5043606758117676, -14.148110389709473, -7.049299240112305, -14.090444564819336, -10.394172668457031, -7.983676910400391, -7.783492565155029, -5.725854873657227, -6.793632984161377, -10.357220649719238, -7.88831901550293, -8.750130653381348, -5.159319877624512, -3.980389356613159, -11.309776306152344, -6.359675884246826, -17.786367416381836, -8.744599342346191, -8.636239051818848, -9.728854179382324, -10.79927921295166, -9.229410171508789, -3.8967392444610596, -9.310538291931152, -11.728644371032715, -8.703276634216309]}