{
    "name": "DPO",
    "val_loss": 0.0008766678472120804,
    "val_ROC_AUC": 0.9589333333333333,
    "val_PR_AUC": 0.9616632552616339,
    "val_crit_real_mean": -19.077691300710043,
    "val_crit_real_std": 2.9471476273710686,
    "val_crit_sampled_mean": -11.741916480064392,
    "val_crit_sampled_std": 3.1792594870629305,
    "crit_real": [
        -21.743118286132812,
        -22.10037612915039,
        -12.608307838439941,
        -19.740415573120117,
        -17.203407287597656,
        -17.236797332763672,
        -20.248638153076172,
        -14.622587203979492,
        -17.713706970214844,
        -21.44066619873047,
        -21.30611801147461,
        -19.560752868652344,
        -18.223894119262695,
        -19.01112174987793,
        -22.80373191833496,
        -20.458301544189453,
        -17.867883682250977,
        -13.838994979858398,
        -20.26276397705078,
        -20.44239616394043,
        -20.780235290527344,
        -19.6744384765625,
        -19.74045753479004,
        -18.61865234375,
        -20.315250396728516,
        -17.69603157043457,
        -22.36304473876953,
        -13.706294059753418,
        -22.197710037231445,
        -22.851520538330078,
        -18.673505783081055,
        -19.397912979125977,
        -21.941692352294922,
        -23.93796730041504,
        -19.13705825805664,
        -15.214092254638672,
        -24.21346664428711,
        -20.591650009155273,
        -19.46009063720703,
        -19.739044189453125,
        -14.824426651000977,
        -17.017587661743164,
        -23.15433692932129,
        -17.917177200317383,
        -23.2539119720459,
        -19.84968376159668,
        -20.514772415161133,
        -20.65471839904785,
        -21.309749603271484,
        -16.845355987548828,
        -17.729402542114258,
        -17.950719833374023,
        -21.992660522460938,
        -17.379432678222656,
        -18.17019271850586,
        -21.164602279663086,
        -20.341663360595703,
        -15.179216384887695,
        -22.749849319458008,
        -21.89082908630371,
        -18.886240005493164,
        -15.10306167602539,
        -15.69999885559082,
        -18.283065795898438,
        -19.401845932006836,
        -20.78623390197754,
        -18.055944442749023,
        -21.91558074951172,
        -22.930133819580078,
        -23.40656089782715,
        -18.7696533203125,
        -17.622758865356445,
        -22.14903450012207,
        -20.780563354492188,
        -21.525156021118164,
        -17.94925880432129,
        -21.588397979736328,
        -14.34385871887207,
        -18.522226333618164,
        -16.03717041015625,
        -21.666072845458984,
        -18.251556396484375,
        -22.334840774536133,
        -18.120853424072266,
        -14.200837135314941,
        -15.888165473937988,
        -20.755916595458984,
        -16.36315155029297,
        -19.879762649536133,
        -19.005996704101562,
        -14.04390811920166,
        -21.176212310791016,
        -17.569265365600586,
        -13.971174240112305,
        -19.034963607788086,
        -19.019189834594727,
        -13.789928436279297,
        -25.827009201049805,
        -18.460073471069336,
        -18.37688636779785,
        -23.454784393310547,
        -17.055288314819336,
        -18.084468841552734,
        -15.859395980834961,
        -26.380937576293945,
        -19.530317306518555,
        -17.40241050720215,
        -24.668521881103516,
        -18.905750274658203,
        -22.969511032104492,
        -18.26213836669922,
        -13.308676719665527,
        -14.743101119995117,
        -18.343862533569336,
        -20.519376754760742,
        -16.22341537475586,
        -21.0340518951416,
        -21.54006576538086,
        -15.541216850280762,
        -22.801231384277344,
        -18.350290298461914,
        -22.70856475830078,
        -14.418567657470703,
        -16.221473693847656,
        -14.80898666381836,
        -13.883435249328613,
        -14.318641662597656,
        -24.257265090942383,
        -15.408268928527832,
        -17.00737762451172,
        -15.390715599060059,
        -21.356428146362305,
        -15.316439628601074,
        -19.3289737701416,
        -20.7315616607666,
        -18.278635025024414,
        -23.0994930267334,
        -22.23155975341797,
        -19.98211669921875,
        -19.88425064086914,
        -23.327239990234375,
        -15.628134727478027,
        -19.790372848510742,
        -13.917658805847168,
        -17.506074905395508,
        -15.955038070678711,
        -18.77701187133789,
        -19.646522521972656,
        -23.496658325195312,
        -19.93052101135254
    ],