{"name": "DPO", "val_loss": 0.6931471824645996, "val_ROC_AUC": 0.5566222222222222, "val_PR_AUC": 0.6156579825603319, "val_crit_real_mean": 5.006872224807739, "val_crit_real_std": 1.3551906364882418, "val_crit_sampled_mean": 5.375820118486882, "val_crit_sampled_std": 1.7718085840893243}