{"name": "SPO", "val_loss": 0.6931471824645996, "val_ROC_AUC": 0.6588, "val_PR_AUC": 0.6501804735636239, "val_crit_real_mean": -1.4199412473570556, "val_crit_real_std": 1.1627264987725923, "val_crit_sampled_mean": -0.7550554315124949, "val_crit_sampled_std": 1.173778631539935, "crit_real": [-1.3093204498291016, -2.555656909942627, -1.0146816968917847, -1.5717428922653198, -1.8428858518600464, -2.522733449935913, -0.627181351184845, -1.144046664237976, -2.4785027503967285, -0.2638913094997406, -2.268754482269287, 0.004372097086161375, -1.1523114442825317, -1.9355521202087402, -2.814136266708374, -1.160875916481018, -0.5251820087432861, 0.17380978167057037, -1.6810331344604492, -0.38688650727272034, -0.29991844296455383, -3.048572063446045, -1.4147028923034668, -3.246060848236084, 1.551315188407898, 0.200347900390625, -2.0603995323181152, -2.7541749477386475, -1.7441215515136719, -2.0896553993225098, -0.17013013362884521, -1.244353175163269, -0.3030245900154114, 0.2863616347312927, -1.0313522815704346, 0.21208471059799194, -1.4277920722961426, -3.492363929748535, 0.02710755541920662, -2.086979627609253, -2.121842622756958, -1.50399911403656, -1.6526952981948853, -0.22159242630004883, -0.8837558627128601, -1.5599768161773682, 0.2274845689535141, 0.5299568772315979, -0.8674740195274353, -1.2740375995635986, -1.3244872093200684, 0.23164471983909607, 0.17356377840042114, -2.491300106048584, -2.7290472984313965, -4.034771919250488, -1.333318829536438, -1.7917319536209106, -0.3634718656539917, -2.781780958175659, -2.932948350906372, -2.6416687965393066, -1.1125373840332031, -0.49083250761032104, -1.9754178524017334, -1.6037832498550415, -1.2727843523025513, -0.3588647246360779, -1.5376909971237183, -0.7051793336868286, -3.0818936824798584, -2.217799425125122, -2.7340736389160156, 0.6946405172348022, -2.612090587615967, -2.659137487411499, -2.0563952922821045, -1.006799578666687, -1.8309600353240967, -3.6542792320251465, -3.083087682723999, -0.8333053588867188, -2.6466288566589355, -2.7356200218200684, -1.9408737421035767, -1.7399324178695679, -1.5762388706207275, -2.8322179317474365, 0.30540961027145386, -0.49336934089660645, -2.3829762935638428, -0.49831703305244446, -1.7892922163009644, -0.885137677192688, -1.1799471378326416, -0.5837790966033936, -1.6251709461212158, -2.9014382362365723, -0.5035991668701172, -1.2706300020217896, -4.008899211883545, 0.06623052060604095, -2.4701082706451416, -1.3091058731079102, -0.7475863099098206, -1.6620169878005981, 0.5879637002944946, -0.447215735912323, -1.3058074712753296, -4.350146770477295, -0.6357607841491699, -1.9689905643463135, -0.5134218335151672, 1.0416780710220337, -3.6368441581726074, 0.15223132073879242, -1.0219802856445312, -3.7745888233184814, -1.999862551689148, -4.372613906860352, -1.7248642444610596, 0.2241968810558319, 0.37504303455352783, -1.3028836250305176, -0.4879711866378784, -1.9263592958450317, -0.8402880430221558, -1.050286889076233, -0.9685304760932922, -0.5706735849380493, -2.3237130641937256, -2.593735456466675, -1.030532956123352, -0.9567455649375916, -0.9605313539505005, 0.042225394397974014, -1.27408766746521, -2.596726417541504, -2.692643404006958, -2.04099702835083, -0.6137691140174866, -1.1568965911865234, -1.922910213470459, -0.7376293540000916, -0.10143005102872849, -1.3379794359207153, -1.729352593421936, -3.2547526359558105, -0.9383710622787476, -0.14828498661518097], "crit_sampled": [-1.5628693103790283, -2.16317081451416, -0.8664194941520691, -1.9851350784301758, 0.203369602560997, 1.3748934268951416, -0.2937086224555969, -0.31266728043556213, -1.4368826150894165, -0.7665387392044067, -1.5868686437606812, -0.40568503737449646, -0.6444093585014343, -0.205997496843338, -1.07181978225708, 3.622103691101074, -2.49458909034729, -1.3049731254577637, -1.5445181131362915, 0.6579416394233704, -1.3919357061386108, -1.2729796171188354, -1.064011812210083, -2.2844388484954834, -0.46962660551071167, -0.21851222217082977, -0.8511580228805542, -0.4060295522212982, -0.40955787897109985, -0.47270867228507996, -0.867215096950531, 0.02642466314136982, -0.9350979924201965, -3.006253480911255, -0.21629402041435242, -2.135821580886841, -0.41608181595802307, -1.2599583864212036, -0.3977369964122772, 0.766455888748169, -0.6732811331748962, -0.4373522698879242, -1.390089750289917, -0.8838869333267212, 0.4161979556083679, -1.2017804384231567, 0.11163091659545898, -0.1652500331401825, -1.657299280166626, -1.5776625871658325, 0.2520211637020111, 0.822551965713501, 0.4064466953277588, -2.5379726886749268, -0.9737955927848816, -2.7190818786621094, -0.8026065826416016, 0.7194862365722656, -2.0739972591400146, -1.4075981378555298, -0.8107723593711853, -1.5948431491851807, -1.1874302625656128, -0.45498448610305786, -1.315282940864563, -0.4775405526161194, -0.8070924282073975, -0.342752605676651, -1.6765077114105225, -1.2385374307632446, -4.299005508422852, -1.1360293626785278, -2.5976247787475586, 0.14775782823562622, -1.9269661903381348, -1.488094687461853, -0.5195019245147705, -0.4563697874546051, -0.2659258544445038, -2.56370210647583, 0.14627112448215485, -0.724912703037262, -0.5029857754707336, -1.7536479234695435, 1.765913486480713, -1.9057950973510742, 1.2077316045761108, 0.10138238221406937, -1.0110149383544922, -0.4330885410308838, -0.26592862606048584, -0.9581784009933472, 1.4072903394699097, 1.3240725994110107, -1.4523539543151855, -0.7998929023742676, -3.028315782546997, -0.5418201684951782, 2.0783114433288574, -0.12787386775016785, -2.067242383956909, 0.18165172636508942, -1.5224299430847168, 1.0526918172836304, -1.7375941276550293, -2.825953245162964, 0.5380858182907104, -0.9094065427780151, -0.14691047370433807, -2.2432312965393066, -0.989416778087616, -1.230978012084961, 0.1791730374097824, 0.5429130792617798, -2.4751675128936768, -0.8216682076454163, 1.0694299936294556, 0.7461192607879639, -0.026467129588127136, -5.101004600524902, 0.3502805829048157, -0.07086985558271408, 0.7901080846786499, -0.6935054659843445, 0.48907631635665894, -2.23990535736084, -0.43813350796699524, -1.5665655136108398, -0.3635581135749817, 0.7546941637992859, -0.15905673801898956, -2.0449533462524414, -0.3108837604522705, -0.1282493621110916, -1.077492117881775, 0.6141465902328491, -0.8960905075073242, -1.1508688926696777, -1.5563864707946777, -0.9551706314086914, -0.1881868690252304, -1.4296406507492065, -0.8352671265602112, -1.273171305656433, -1.135911464691162, -0.29916560649871826, -0.34642449021339417, -2.99379563331604, -0.4920608103275299, 0.5059422850608826],