{"name": "SPO", "val_loss": 0.6931471824645996, "val_ROC_AUC": 0.8712444444444445, "val_PR_AUC": 0.8746424670234103, "val_crit_real_mean": -3.387121964097023, "val_crit_real_std": 1.284599545778412, "val_crit_sampled_mean": -1.2797465130636314, "val_crit_sampled_std": 1.399345842671547, "crit_real": [-3.512423515319824, -3.5305473804473877, -5.396531105041504, -2.8811190128326416, -3.108022928237915, -1.2874605655670166, -3.389784574508667, -3.4803993701934814, -3.1948883533477783, -3.5778846740722656, -2.278827667236328, -2.4642276763916016, -3.1218109130859375, -5.28373384475708, -2.3928897380828857, -2.076054811477661, -4.680345058441162, -4.179084777832031, -5.552214622497559, -4.56604528427124, -3.8762567043304443, -3.32017183303833, -1.4392008781433105, -3.388582229614258, -2.1878550052642822, -4.095930576324463, -1.4694523811340332, -2.564188241958618, -2.5417540073394775, -2.01027774810791, -2.957275867462158, -2.7399916648864746, -5.752742767333984, -2.8601503372192383, -4.006770610809326, -4.089550495147705, -4.264681339263916, -2.4009337425231934, -2.9355790615081787, -3.8371055126190186, -3.396578073501587, -3.421647310256958, -1.4969934225082397, -2.444518566131592, -3.9517831802368164, -1.6317416429519653, -1.673689842224121, -5.287703514099121, -2.133523464202881, -3.1868181228637695, -3.745572090148926, -6.282145023345947, -2.664182424545288, -3.4088573455810547, -4.242030143737793, -3.084155559539795, -4.167970657348633, 0.48860403895378113, -3.636931896209717, -0.9245615601539612, -2.219604969024658, -2.805691719055176, -4.059421062469482, -4.616031646728516, -1.7495709657669067, -3.028795003890991, -4.727788925170898, -3.8398311138153076, -2.1683435440063477, -0.529606819152832, -4.57727575302124, -3.3498408794403076, -3.095560312271118, -5.107707977294922, -3.469428300857544, -2.8182687759399414, -3.5544610023498535, -0.781484842300415, -5.373297691345215, -3.384451150894165, -7.488388538360596, -3.222930908203125, -3.397881031036377, -4.254979133605957, -3.8421027660369873, -4.518336772918701, -5.39219331741333, -3.424109935760498, -3.4695868492126465, -5.846310615539551, -4.082822799682617, -2.1640942096710205, -2.7931735515594482, -4.8443169593811035, -2.241809606552124, -3.865940809249878, -2.7108418941497803, -2.931334972381592, -2.9496703147888184, -3.2770824432373047, -3.1823248863220215, -3.9759347438812256, -4.067953586578369, -1.8811155557632446, -1.48564612865448, -4.141524314880371, -3.0396316051483154, -2.28267502784729, -2.06376576423645, -4.264588832855225, -1.8174687623977661, -2.050124168395996, -3.5313191413879395, -1.9330466985702515, -5.422274112701416, -6.205516815185547, -3.0491085052490234, -2.221076011657715, -3.294645071029663, -2.36954927444458, -4.741838455200195, -1.748105525970459, -2.359200954437256, -6.454698085784912, -3.7321362495422363, -5.427942752838135, -3.6386871337890625, -1.671877145767212, -1.996693730354309, -3.2475531101226807, -1.516704797744751, -3.8856101036071777, -3.5828073024749756, -2.491062879562378, -4.77175235748291, -4.850436687469482, -4.354765892028809, -5.258028030395508, -3.5515239238739014, -4.177357196807861, -4.145421981811523, -1.976917028427124, -2.8586790561676025, -3.652378559112549, -5.851672649383545, -4.434192657470703, -4.3970770835876465, -3.193002462387085, -2.8230786323547363, -4.037886619567871], "crit_sampled": [-0.5779653191566467, -2.5049893856048584, -0.15072482824325562, 1.4443211555480957, -1.9978934526443481, 0.5493565201759338, 0.05216452479362488, -1.518051266670227, -0.9963169097900391, -2.361276149749756, -1.1911389827728271, -2.3179283142089844, -2.69482159614563, -2.7806577682495117, -1.677882194519043, 0.6382794380187988, -4.085955619812012, -3.819335699081421, -0.10981780290603638, -2.4884700775146484, -0.0005780842038802803, 1.7331962585449219, -1.0163469314575195, -1.3599904775619507, -1.5719329118728638, -3.9377434253692627, 0.9309325218200684, -2.3736064434051514, -0.8265417814254761, -2.2749078273773193, -1.780889868736267, -0.4144299030303955, -4.229523181915283, 0.6473507881164551, -1.8392283916473389, -1.5922467708587646, -2.497187852859497, -1.2992695569992065, -1.5677088499069214, -1.5349465608596802, -1.8999340534210205, -2.777291774749756, 0.7095925211906433, -1.1617931127548218, -2.9625627994537354, 0.5600759983062744, -1.6489145755767822, -1.695172905921936, -0.48962587118148804, -3.2417850494384766, -1.1851155757904053, 0.04639962315559387, -1.202243685722351, -0.8001419901847839, -2.4278364181518555, -1.40642249584198, -1.3132171630859375, -0.3534534275531769, -2.156219720840454, 1.0155545473098755, 0.39851710200309753, -0.2509254515171051, -2.565375804901123, -0.6618780493736267, -1.2701059579849243, -1.040216088294983, -0.5519095659255981, -2.205669403076172, -1.8416740894317627, 0.24357694387435913, 0.08055286854505539, -0.5876803994178772, -0.8150166273117065, -3.1696715354919434, -1.5878589153289795, -1.5480064153671265, 2.149393081665039, 0.9450429081916809, -3.6319236755371094, -0.9209433794021606, -4.002197265625, -0.8833011984825134, -2.1768648624420166, -2.7908875942230225, 2.875187873840332, -3.47373104095459, -3.429835081100464, -1.6090943813323975, -1.8929582834243774, -3.534385919570923, -0.8325405120849609, -1.8309426307678223, 1.8850857019424438, -0.22139695286750793, 0.30699363350868225, -0.8765058517456055, -1.1431416273117065, -1.8151310682296753, 0.7115163803100586, -2.7698915004730225, -2.0773446559906006, -2.5886807441711426, 0.13938389718532562, 1.267535924911499, 1.1463180780410767, -3.203788995742798, -2.0796587467193604, -2.2067086696624756, -1.2986325025558472, -3.448535442352295, -2.8093228340148926, 2.987522840499878, 0.2198907732963562, -2.219158887863159, -1.6499119997024536, -2.998561143875122, -2.3485121726989746, -0.8095669150352478, -0.7480015158653259, -3.414501905441284, 0.22241993248462677, -1.36721670627594, -1.3644554615020752, -1.9564911127090454, -1.2552833557128906, -2.7261199951171875, -1.648041009902954, -1.2961653470993042, -0.3532125651836395, -0.8432425856590271, -0.055735427886247635, -2.0639102458953857, -0.29491767287254333, -0.8132123947143555, -0.8970392346382141, -1.5999675989151, -1.7012553215026855, -0.3936709463596344, -1.8929492235183716, -2.3172006607055664, -2.791802167892456, -0.4562114477157593, -2.5352797508239746, -1.9464720487594604, -1.4574989080429077, -1.0572232007980347, 0.025687506422400475, -0.6389216780662537, -0.9602857232093811, -1.2654614448547363], "fpr": [0.0, 0.0, 0.0, 0.006666666666666667, 0.006666666666666667, 0.013333333333333334, 0.013333333333333334, 0.02, 0.02, 0.02666666666666667, 0.02666666666666667, 0.03333333333333333, 0.03333333333333333, 0.04, 0.04, 0.06666666666666667, 0.06666666666666667, 0.07333333333333333, 0.07333333333333333, 0.08666666666666667, 0.08666666666666667, 0.1, 0.1, 0.10666666666666667, 0.10666666666666667, 0.11333333333333333, 0.11333333333333333, 0.12, 0.12, 0.13333333333333333, 0.13333333333333333, 0.15333333333333332, 0.15333333333333332, 0.16, 0.16, 0.16666666666666666, 0.16666666666666666, 0.18, 0.18, 0.18666666666666668, 0.18666666666666668, 0.20666666666666667, 0.20666666666666667, 0.22, 0.22, 0.22666666666666666, 0.22666666666666666, 0.23333333333333334, 0.23333333333333334, 0.24666666666666667, 0.24666666666666667, 0.26, 0.26, 0.26666666666666666, 0.26666666666666666, 0.28, 0.28, 0.2866666666666667, 0.2866666666666667, 0.29333333333333333, 0.29333333333333333, 0.3, 0.3, 0.31333333333333335, 0.31333333333333335, 0.37333333333333335, 0.37333333333333335, 0.42, 0.42, 0.44666666666666666, 0.44666666666666666, 0.4533333333333333, 0.4533333333333333, 0.5266666666666666, 0.5266666666666666, 0.54, 0.54, 0.5533333333333333, 0.5533333333333333, 0.58, 0.58, 0.6066666666666667, 0.6066666666666667, 0.64, 0.64, 0.68, 0.68, 0.6933333333333334, 0.6933333333333334, 0.7266666666666667, 0.7266666666666667, 0.7733333333333333, 0.7733333333333333, 1.0],