{"name": "SPO", "val_loss": 0.6931471824645996, "val_ROC_AUC": 0.6012888888888889, "val_PR_AUC": 0.5913976558953752, "val_crit_real_mean": -1.8659292664627234, "val_crit_real_std": 1.1646943084465982, "val_crit_sampled_mean": -1.406595710379382, "val_crit_sampled_std": 1.1608802386220405, "crit_real": [-1.9533346891403198, -3.2843003273010254, -1.3222730159759521, -4.208477020263672, -2.1650965213775635, -1.5553160905838013, -4.239245891571045, -1.2500569820404053, -2.3611111640930176, -3.379427909851074, -0.8791549801826477, -2.3484134674072266, -1.2739287614822388, -2.5073297023773193, -1.2763845920562744, -2.6932621002197266, -3.6890363693237305, -1.2428641319274902, -1.0370148420333862, -1.5934253931045532, -1.5251566171646118, -0.72822105884552, -1.5827831029891968, -2.1220650672912598, -1.425512433052063, -0.37408608198165894, -1.4305031299591064, 0.7682203054428101, -1.9216560125350952, -2.2960832118988037, -0.8856247663497925, -3.2383103370666504, -2.674483060836792, -3.724799394607544, -2.0322325229644775, -2.7664260864257812, -3.354525566101074, -1.6718008518218994, -1.5856101512908936, -1.1076672077178955, -0.19101275503635406, -1.8274738788604736, -1.5713286399841309, -1.9290333986282349, -1.8560147285461426, -1.5141711235046387, -2.1447575092315674, -4.488499164581299, -1.3636257648468018, -1.0934782028198242, 0.021781455725431442, -1.6571742296218872, -1.3362841606140137, -3.713284492492676, -1.0669924020767212, -2.600356340408325, -3.571192502975464, -1.1049237251281738, -5.813999652862549, -2.7059743404388428, -1.9438122510910034, -0.1861354112625122, 0.08192805200815201, -1.405250906944275, -1.4639421701431274, 0.6552949547767639, -2.7489795684814453, -3.289813756942749, -3.078267812728882, -2.254066228866577, -1.6918563842773438, -0.6271980404853821, -2.565563917160034, -1.2951884269714355, -2.082681179046631, -1.950364589691162, -2.9815568923950195, -1.457618236541748, -3.277122974395752, -2.575234889984131, -2.730632781982422, -1.8517292737960815, -2.6831204891204834, 0.1677616536617279, -1.071053147315979, -1.259221076965332, -2.015284776687622, -2.1793265342712402, -1.7083368301391602, -4.15072774887085, -0.5126209259033203, -0.2287338525056839, -2.5975446701049805, -2.120621681213379, -2.7341105937957764, -2.825469732284546, -0.5866891741752625, -2.9163174629211426, -1.9926236867904663, -2.226954698562622, -3.236565351486206, -1.3990867137908936, -1.8126447200775146, -2.034085750579834, -4.085895538330078, -0.7398268580436707, -0.0637931376695633, -3.517298460006714, -0.32922276854515076, -2.207296371459961, -1.4236528873443604, -0.1288393884897232, -0.6407787203788757, -0.9021363854408264, -2.3626863956451416, 0.062026266008615494, -2.410849094390869, -2.121053457260132, -1.837412714958191, -2.7137701511383057, -2.127382516860962, -3.8820953369140625, 0.21834520995616913, -0.9790012836456299, -1.6044201850891113, -0.5854952335357666, -1.4119501113891602, -1.3035856485366821, -0.022301465272903442, -0.35541319847106934, 0.1784522980451584, -3.0899322032928467, -1.0404819250106812, -2.181168556213379, -2.4058194160461426, -1.8821285963058472, -1.3427097797393799, -2.935197353363037, -1.0851600170135498, -1.1499429941177368, -4.602836608886719, -2.746676206588745, -2.9465739727020264, 0.4275530278682709, -0.7491339445114136, -1.1772531270980835, -1.6076387166976929, -3.18583607673645, -2.5791659355163574, -2.0022075176239014], "crit_sampled": [-1.8633815050125122, -1.2050507068634033, -1.0952060222625732, -1.0935863256454468, -1.7533012628555298, -0.6868398189544678, -1.0966697931289673, 0.46189388632774353, -2.5085232257843018, -3.1739542484283447, -1.354203462600708, -1.3291263580322266, -1.640560507774353, 0.21590730547904968, -1.8526289463043213, 2.5222911834716797, -2.2467164993286133, -0.7718510627746582, -1.2395050525665283, -0.826478898525238, -1.8194818496704102, -3.0926592350006104, -2.4468159675598145, -0.5547006130218506, -1.372209906578064, -1.4535627365112305, -1.789949655532837, 1.5398361682891846, -2.0606350898742676, -1.139564871788025, -1.681445837020874, -1.8523569107055664, -1.8753769397735596, -1.516108751296997, -3.377131938934326, -2.9618899822235107, -1.9709757566452026, -1.3267934322357178, -0.9112148284912109, -0.8129673004150391, -0.7914395332336426, -2.2600862979888916, -1.9030593633651733, -0.9740449786186218, -1.3925178050994873, -2.6314327716827393, -3.2907350063323975, -2.807800054550171, -1.5314042568206787, -0.8345610499382019, -1.5425312519073486, -1.8412349224090576, -0.8104739785194397, -1.1970767974853516, -0.3765918016433716, -3.761050224304199, -2.2364776134490967, 0.19328486919403076, -3.386794090270996, -1.888978123664856, 0.019545573741197586, -1.477611780166626, -0.035041265189647675, -2.476060152053833, -1.0325690507888794, -0.5916869640350342, -3.3377397060394287, -2.145658016204834, -2.1209990978240967, -0.928759753704071, -1.8990118503570557, -2.74745774269104, -2.096637487411499, -2.289155960083008, -1.5555063486099243, -0.5016741156578064, -1.78876531124115, -2.3231256008148193, -2.5029656887054443, -1.0477696657180786, -4.25925874710083, -3.009239435195923, -2.524360179901123, -0.009528503753244877, 3.887568473815918, -2.248677968978882, -1.5679835081100464, -1.871752381324768, -0.18381990492343903, -1.6908226013183594, -1.0090408325195312, 0.3947925567626953, -0.004756958223879337, -2.079599142074585, -3.482032299041748, -2.331878662109375, 0.02298404835164547, -1.475628137588501, -0.5301026701927185, -2.5754337310791016, -3.133315086364746, 0.15114928781986237, -0.7882593870162964, -0.2473147064447403, -1.404775857925415, -0.3532044589519501, -2.0616724491119385, -2.075084924697876, -1.2943310737609863, -2.4572770595550537, -0.9583861827850342, -1.4228497743606567, -0.8829946517944336, 0.2871536910533905, -1.4626336097717285, -1.8146998882293701, -1.267038106918335, -3.016355276107788, -0.8698935508728027, -1.6223467588424683, 0.8055044412612915, -1.6457599401474, -0.6233009099960327, -1.3021827936172485, 0.039706435054540634, -0.7305876016616821, -0.6028640866279602, -2.733358860015869, -0.5200287103652954, 0.01806670054793358, -0.010315554216504097, -0.5461317300796509, -0.3867441415786743, -2.480694055557251, -3.048077344894409, -2.014857053756714, -1.0774540901184082, -1.6982693672180176, -3.0079643726348877, -0.819149374961853, -1.8825428485870361, -2.4440295696258545, -2.4853434562683105, -0.5374906659126282, 0.9556674361228943, -1.2195299863815308, -0.46391183137893677, -1.1211541891098022, -1.6723921298980713, -1.3343147039413452],