{"name": "DPO", "val_loss": 0.6931471824645996, "val_ROC_AUC": 0.6572, "val_PR_AUC": 0.6959031443486646, "val_crit_real_mean": 1.214795014547805, "val_crit_real_std": 1.2995967382384714, "val_crit_sampled_mean": 2.107095032185316, "val_crit_sampled_std": 1.8860493364954092}