{"name": "DPO", "val_loss": 0.6931471824645996, "val_ROC_AUC": 0.5951111111111111, "val_PR_AUC": 0.6379154532516538, "val_crit_real_mean": 5.006872224807739, "val_crit_real_std": 1.3551906364882418, "val_crit_sampled_mean": 5.502727078199387, "val_crit_sampled_std": 1.6448906571167767}