{"name": "SPO", "val_loss": 0.6931471824645996, "val_ROC_AUC": 0.6368, "val_PR_AUC": 0.6383706515989676, "val_crit_real_mean": -0.320237958120803, "val_crit_real_std": 1.0319109339088632, "val_crit_sampled_mean": 0.21045734530314802, "val_crit_sampled_std": 1.1606378149428411, "crit_real": [0.05245157331228256, -0.8300074934959412, 0.3741828501224518, -0.4079000651836395, -0.6130243539810181, -1.5273854732513428, 0.39886730909347534, -0.5694798231124878, -2.0434062480926514, 0.32918307185173035, -1.9945303201675415, 0.8838891983032227, -0.8472550511360168, -0.38067638874053955, -0.853672206401825, -0.09876557439565659, 0.04229610040783882, 1.5013610124588013, -0.519074559211731, 0.21251033246517181, 0.2133568972349167, -1.2408427000045776, 0.1356484293937683, -2.069735288619995, 2.0092287063598633, 0.8941594362258911, -0.6095486879348755, -1.9078819751739502, -1.6182303428649902, -0.6984624862670898, 0.7039512395858765, -0.5818259119987488, 0.39687830209732056, 1.1262627840042114, 0.3381873071193695, 0.8088275790214539, -0.8567495942115784, -2.7501182556152344, 0.5563144683837891, -0.4944365918636322, -0.4282512664794922, -0.5922542810440063, -0.8432657718658447, 0.7122673392295837, 0.17966428399085999, 0.38171276450157166, 1.3085254430770874, 0.9137941002845764, -0.8299972414970398, -0.5004913210868835, -0.11258368194103241, 0.8174213171005249, 1.1557493209838867, -0.9691411256790161, -1.1897084712982178, -2.0485589504241943, -0.17257621884346008, -0.6631774306297302, -0.5497592091560364, -1.159274697303772, -1.9178920984268188, -1.773561716079712, -0.011129248887300491, 0.08295802772045135, -0.8469499349594116, -0.26000529527664185, -0.9322460293769836, 1.3083423376083374, -0.17144842445850372, 0.36417052149772644, -2.0966796875, -0.6789013147354126, -0.571104109287262, 1.8383409976959229, -1.6635169982910156, -1.6632004976272583, -0.7423077821731567, 0.3150554597377777, -0.9261840581893921, -1.587981939315796, -1.3767468929290771, -0.06267720460891724, -1.0199460983276367, -1.6883702278137207, -0.7078709006309509, -0.8330233693122864, -0.8025193810462952, -2.518524646759033, 1.3472753763198853, 0.8111363053321838, -1.112701416015625, 0.2565425932407379, -1.1235487461090088, -0.03645661845803261, -0.10669534653425217, 1.3707739114761353, -1.10161554813385, -0.8964434266090393, 0.2567741572856903, -0.5103678107261658, -2.0997345447540283, 1.115352988243103, -1.0645653009414673, -0.03827860951423645, 0.9727907180786133, -0.13442440330982208, 1.5948779582977295, 0.6081615686416626, 0.5193933248519897, -2.6063075065612793, 0.2446637600660324, -1.1345402002334595, 0.29886770248413086, 1.5707814693450928, -2.3372642993927, 0.6560969948768616, -0.031087199226021767, -2.3596973419189453, -0.2891809940338135, -3.0903849601745605, -0.23180899024009705, 1.11714506149292, 1.1205220222473145, 0.5272319316864014, 0.3717571794986725, -0.9239648580551147, 0.8978416323661804, -0.5835604071617126, 0.3438156545162201, 0.12397633492946625, -0.47328266501426697, -0.9888195395469666, 0.01518423855304718, -0.2669048309326172, 0.3365713655948639, 0.9609933495521545, -0.26615768671035767, -1.0636990070343018, -1.2101706266403198, -0.6513673067092896, -0.2697364091873169, 0.12242544442415237, -0.5254644155502319, 0.6735139489173889, 1.1001648902893066, -0.7078251242637634, -0.36378103494644165, -1.8661770820617676, 0.36999982595443726, 0.7949672341346741], "crit_sampled": [-0.9138609766960144, -0.5312933325767517, 0.7832546234130859, -1.048427700996399, 1.3575247526168823, 3.234367609024048, 1.1556097269058228, 0.98481684923172, -0.42259830236434937, 0.5402722954750061, -0.14264900982379913, -0.3986847698688507, 1.3093359470367432, 0.7042822241783142, 0.44157323241233826, 4.472287178039551, -1.321298599243164, 0.08028983324766159, 0.5985114574432373, 0.12544474005699158, -1.6367930173873901, 0.05629018694162369, -0.06942743062973022, -1.4983259439468384, 0.31085389852523804, 1.1586782932281494, 1.2829499244689941, 0.8948528170585632, -0.292394757270813, 0.13754527270793915, 0.005192955955862999, 0.753938615322113, 0.4452206790447235, -2.0042879581451416, 0.6882998943328857, 0.1996244639158249, 0.9098439812660217, -0.370769202709198, -0.2091594934463501, 1.4289681911468506, -0.34719938039779663, 0.693416178226471, -1.5501024723052979, -0.6826248168945312, 0.35056179761886597, -0.5415378212928772, 0.9766806364059448, 0.32034337520599365, -1.6228880882263184, -0.9716716408729553, 0.8735870718955994, 2.129297971725464, 0.7959644794464111, -0.0748421847820282, 0.2594056725502014, -1.1082121133804321, -0.5418102145195007, 1.2550333738327026, -1.5334875583648682, -0.2324639856815338, 0.3525673449039459, 0.05085842311382294, -0.7904345989227295, 0.3039088547229767, -0.21852326393127441, 0.21072137355804443, 1.1165101528167725, 1.0884188413619995, -0.5732017755508423, -0.728438138961792, -3.879021406173706, 0.723609447479248, -1.5718663930892944, 1.042169451713562, -1.3137102127075195, 0.030228013172745705, 0.4417475759983063, -0.2110513150691986, 0.7219941020011902, -1.1473485231399536, 1.7032026052474976, -0.28271687030792236, 0.5162270665168762, -0.3171413540840149, 2.598419189453125, -1.8480205535888672, 2.2955870628356934, 0.645372748374939, -0.4129944443702698, 0.3951527774333954, 0.9349341988563538, -0.301425039768219, 1.808403730392456, 1.8203227519989014, -0.5136218667030334, 0.5786280035972595, -0.5446175932884216, 0.41789135336875916, 3.4749398231506348, 0.010510825552046299, 0.12406618893146515, 0.9322748780250549, 0.1184191033244133, 1.210861325263977, -0.08356083929538727, -1.071906328201294, 1.483536720275879, 0.6038777232170105, 0.7686160802841187, -0.4153071939945221, -0.024883199483156204, 0.021287739276885986, 1.9367817640304565, 0.10191983729600906, -1.6370763778686523, -0.03921431303024292, 2.269012928009033, 1.4029372930526733, 1.3809599876403809, -2.984042167663574, 2.325434923171997, 0.6939048171043396, 1.5784884691238403, 0.4155382513999939, 1.3111071586608887, -1.1091758012771606, 0.6359769701957703, -0.705266535282135, 0.0997980609536171, 0.47464466094970703, 0.05328591540455818, -2.2534499168395996, 0.16971085965633392, 0.22633980214595795, -0.32325080037117004, 1.1153430938720703, 0.04912620782852173, 0.5507672429084778, -0.6966058611869812, 0.5760325193405151, -0.13882485032081604, -0.11494544893503189, -0.48347142338752747, -0.5668328404426575, 0.9470322728157043, 0.30187490582466125, 0.6171156764030457, -2.1832265853881836, -0.15144947171211243, 1.779516577720642],