{"name": "SPO", "val_loss": 0.6931471824645996, "val_ROC_AUC": 0.81, "val_PR_AUC": 0.8241619806111123, "val_crit_real_mean": -0.2655623142545422, "val_crit_real_std": 1.0533459988411649, "val_crit_sampled_mean": 1.1826483717064062, "val_crit_sampled_std": 1.25225051355843, "crit_real": [0.03490084782242775, -0.056625526398420334, -2.458986759185791, 0.18061672151088715, 0.09911954402923584, 1.2974809408187866, 0.15776783227920532, -0.02964339219033718, 0.353957861661911, -0.49974167346954346, 0.6664972901344299, 0.13686461746692657, -0.16446742415428162, -1.4840619564056396, 0.22479647397994995, 1.6185648441314697, -1.6885677576065063, -0.8903665542602539, -1.826063632965088, -0.6161112189292908, -0.04245841130614281, -0.31457120180130005, 1.0530104637145996, 0.06671077758073807, 0.7320404052734375, -0.8817204236984253, 0.8770918250083923, 0.8691231608390808, 0.5177217125892639, 0.8346838355064392, -0.08102536201477051, 0.34536874294281006, -2.3839755058288574, 0.3547007739543915, -0.6452061533927917, -1.1581957340240479, -0.6309309601783752, 0.6418173909187317, 0.41168561577796936, -0.654862642288208, -0.04639262706041336, -0.4044272303581238, 1.4842954874038696, 0.6960105299949646, -0.47461849451065063, 0.8828632235527039, 0.62677001953125, -1.9766713380813599, 0.9995319843292236, 0.07853294163942337, -0.7469942569732666, -2.1554794311523438, 0.19011060893535614, 0.28611138463020325, -0.8941031694412231, 0.45510751008987427, -0.5404261350631714, 2.9570631980895996, -0.8270716071128845, 1.3182135820388794, 0.3286018669605255, 0.4361986517906189, -0.9760263562202454, -1.245848536491394, 0.7958125472068787, 0.06600002944469452, -2.2013208866119385, -0.8241987824440002, 0.2652215361595154, 1.743310809135437, -0.925340473651886, 0.3305114805698395, -0.19682613015174866, -1.1216439008712769, -0.37281864881515503, 0.25056537985801697, -0.4468376338481903, 1.5025542974472046, -1.7933984994888306, -0.5603677034378052, -4.191112518310547, -0.35983821749687195, -1.2645113468170166, -1.2941373586654663, -1.1781909465789795, -1.4798996448516846, -1.8071184158325195, -0.42125046253204346, -0.8246115446090698, -1.8929593563079834, -1.0341309309005737, 1.131421446800232, 0.2562448978424072, -0.8604212999343872, 0.6462271809577942, -0.7352893352508545, 0.12381375581026077, -0.3197379410266876, 0.17640046775341034, 0.10895717144012451, -0.2894088923931122, -0.4117911458015442, -0.35597819089889526, 0.7953433394432068, 1.0155984163284302, -0.5988038778305054, 0.13181473314762115, 0.5819440484046936, 1.077968716621399, -0.5959173440933228, 1.161617636680603, 0.387807160615921, -0.5624040961265564, 0.579293429851532, -2.125153064727783, -2.42572283744812, -0.24668683111667633, 0.5938142538070679, -0.06508579850196838, 1.1100698709487915, -1.1918425559997559, 1.0295114517211914, 0.6625990867614746, -2.514883518218994, -0.6117990016937256, -1.8243764638900757, -0.32763805985450745, 0.9914689064025879, 0.796805202960968, 0.0362715870141983, 0.9764667749404907, -0.4951537549495697, -0.5688914656639099, 0.6781682968139648, -1.5981724262237549, -1.5029817819595337, -1.1536005735397339, -1.5800955295562744, -0.5674595236778259, -1.0939445495605469, -1.3633612394332886, 0.952105700969696, -0.465926855802536, -0.5025196671485901, -2.59891676902771, -1.1899096965789795, -0.8615176677703857, -0.12850315868854523, 0.3537141978740692, -0.6376538276672363], "crit_sampled": [1.9514447450637817, -0.08129239082336426, 0.8394818305969238, 3.862318515777588, 0.9884414076805115, 2.881220817565918, 2.860694646835327, 1.3124642372131348, 1.4200139045715332, 0.9505272507667542, 1.3121312856674194, -0.0165787935256958, 0.29739055037498474, 0.08873603492975235, 0.7430372834205627, 4.409006595611572, -0.8511784672737122, -0.8839982748031616, 2.937992811203003, 0.19350841641426086, 2.782557249069214, 4.131677150726318, 1.5011011362075806, 1.4039185047149658, 1.23759925365448, -0.9062783122062683, 2.4137868881225586, 0.17955321073532104, 1.1597578525543213, -0.0534338541328907, 1.2875285148620605, 0.8914134502410889, -1.5627410411834717, 2.6843361854553223, 1.0168805122375488, 1.036699891090393, 0.10116901248693466, 0.8244587779045105, 1.1923953294754028, 0.9388953447341919, 1.1154812574386597, -0.22742855548858643, 2.4114654064178467, 1.3521018028259277, -0.20713335275650024, 2.6598269939422607, 0.6323227882385254, 0.7506164908409119, 1.8899874687194824, -0.14355425536632538, 0.3315291404724121, 2.9926817417144775, 1.121215581893921, 1.6786383390426636, 0.3168816566467285, 0.9053630232810974, 1.344090223312378, 1.706674575805664, -0.2318429946899414, 2.3575849533081055, 2.6328330039978027, 2.004409074783325, 0.385466068983078, 2.7067339420318604, 1.641311526298523, 0.8496090769767761, 1.8499740362167358, 0.6746717095375061, 0.35259324312210083, 2.2896125316619873, 2.645848274230957, 2.4175448417663574, 1.506483793258667, 0.09784197807312012, -0.08678607642650604, 0.6150380373001099, 4.020374774932861, 2.8399925231933594, -0.5364853739738464, 0.9507967233657837, -1.0405927896499634, 1.7754567861557007, 0.13223649561405182, 0.1655651032924652, 3.2872955799102783, -0.4104379117488861, -0.728303074836731, 1.4442963600158691, 0.5958504676818848, -0.8129473328590393, 1.8513646125793457, 0.5383504629135132, 2.2842442989349365, 2.9642858505249023, 2.0684456825256348, 1.3466464281082153, 0.9761033058166504, 0.6641628742218018, 3.1353657245635986, -0.19500702619552612, 0.7558295726776123, 0.04496404901146889, 2.94706654548645, 3.5863468647003174, 3.7636117935180664, -0.5810973644256592, 0.39161890745162964, 0.5557496547698975, 1.5827102661132812, -0.5216087102890015, -0.009920001029968262, 5.706798553466797, 2.318859815597534, 0.3210405707359314, 0.46316877007484436, -0.6442481279373169, 0.20193985104560852, 1.3316926956176758, 1.1157293319702148, -0.100222647190094, 2.7141005992889404, 0.5875459909439087, 0.9278371334075928, 0.6625454425811768, 1.5297588109970093, 0.48972365260124207, 0.9249089360237122, 1.3631978034973145, 1.5248185396194458, 1.8489943742752075, 2.422964334487915, 0.36544278264045715, 1.935230016708374, 1.490213394165039, 0.946508526802063, 0.6794780492782593, 0.31242042779922485, 2.481032371520996, 0.10714711993932724, -0.3508325517177582, -0.765630841255188, 1.9405533075332642, -0.22080622613430023, 0.7030895948410034, 1.1350858211517334, 0.5686122179031372, 3.0768728256225586, 1.9051625728607178, 1.2889236211776733, 1.4389413595199585],