{"name": "SPO", "val_loss": 0.6931471824645996, "val_ROC_AUC": 0.5411111111111111, "val_PR_AUC": 0.5475715629859088, "val_crit_real_mean": 0.16165224196156486, "val_crit_real_std": 1.0294625300138718, "val_crit_sampled_mean": 0.36839702191452184, "val_crit_sampled_std": 1.018735107723693, "crit_real": [0.30088257789611816, -1.0244947671890259, 0.8702894449234009, -1.4417599439620972, 0.10975582897663116, 0.5341524481773376, -2.032235622406006, 0.3307390511035919, -0.07205028086900711, -0.9685484170913696, 0.8353480696678162, 0.4392958879470825, -0.1254422962665558, -0.20572695136070251, 0.6169148683547974, -0.34287476539611816, -0.9302138686180115, 0.6699734926223755, 0.8128902912139893, 0.7139514088630676, 0.5039514899253845, 1.0646127462387085, 0.3137509524822235, -0.051195330917835236, 0.4541146457195282, 0.8406932950019836, 0.34163862466812134, 2.7310311794281006, 0.4467819929122925, 0.032284822314977646, 0.4369998574256897, -0.9539086818695068, -0.26661157608032227, -1.5073764324188232, 0.7336989045143127, -0.49876996874809265, -0.9775158166885376, 0.0780237689614296, 0.07743969559669495, 1.0223031044006348, 1.756832242012024, 0.3961396813392639, 0.39357268810272217, -0.11691111326217651, 0.5357112884521484, 0.42979928851127625, -0.02469201199710369, -1.8416246175765991, 0.00041718839202076197, 0.40614840388298035, 1.5992131233215332, -0.07657457143068314, 0.9338480830192566, -1.5133130550384521, 0.8620038032531738, -0.3143795132637024, -1.2669081687927246, 0.9472132325172424, -3.376678943634033, -0.09952792525291443, -0.29897961020469666, 2.4939186573028564, 1.903246521949768, 0.8288556337356567, 0.5942496061325073, 2.47538423538208, -0.8463728427886963, -1.1160203218460083, -1.176160454750061, 0.02853991836309433, 0.43917417526245117, 1.1856355667114258, -1.2454559803009033, 0.9202178716659546, -0.11841793358325958, -0.16572894155979156, -1.2475998401641846, 0.14826735854148865, -0.9141183495521545, -0.6499025821685791, -0.8621937036514282, -0.25088340044021606, -0.3392776846885681, 1.6263313293457031, 0.6026421785354614, 0.6881263852119446, 0.25631651282310486, 0.10596372187137604, 0.21400700509548187, -2.3631937503814697, 0.6063156723976135, 1.5706429481506348, -0.4263399541378021, -0.6387950778007507, -0.6417005062103271, -0.6604865193367004, 1.0826507806777954, -1.5711946487426758, 0.005429808981716633, 0.6665363907814026, -1.1563001871109009, 1.1481648683547974, 0.012170023284852505, 0.41812664270401, -1.4731990098953247, 0.9375298619270325, 1.3763811588287354, -1.1624614000320435, 1.5625134706497192, -0.8624023199081421, 0.2874181866645813, 1.8616557121276855, 0.9710584282875061, 1.1177887916564941, 0.3449403643608093, 1.4340143203735352, -0.42393097281455994, 0.02581564337015152, 0.18877650797367096, -0.3898402452468872, -0.5164943933486938, -1.774296522140503, 2.1294329166412354, 0.891642689704895, 0.4446854591369629, 1.3660681247711182, 0.6457197666168213, 0.608574628829956, 1.6791373491287231, 1.5447638034820557, 2.179547071456909, -0.5094464421272278, 0.9201374053955078, 0.12026862800121307, 0.02803119644522667, -0.5176602005958557, 0.47882330417633057, -0.07656010240316391, 1.5099821090698242, 0.699264645576477, -2.0500779151916504, -0.7551063895225525, -0.7459043264389038, 1.863001823425293, 1.5128796100616455, 0.48351261019706726, 0.2499503493309021, -1.16702401638031, 0.2823251485824585, 0.0517251081764698], "crit_sampled": [-0.20431117713451385, -0.2443663626909256, 0.4069809913635254, -0.2623380720615387, 0.6375547051429749, 1.223441481590271, 0.7009552717208862, 2.405188798904419, -0.32499071955680847, 0.2907489538192749, 1.387089729309082, -0.012334972620010376, -0.3240315318107605, 1.8912444114685059, 0.011224180459976196, 3.5893304347991943, -0.378343403339386, 0.3715527355670929, 1.0534859895706177, 0.8069868683815002, -0.23234018683433533, -1.0148893594741821, -1.1760811805725098, 0.7522974014282227, 0.3927014470100403, 0.9683821201324463, -0.49818775057792664, 2.6261322498321533, 0.26931267976760864, 0.6985572576522827, 0.09149646759033203, -0.6263877153396606, -0.8932279944419861, 0.09165800362825394, -0.15109075605869293, 0.5901387929916382, 0.40545040369033813, -0.04515806958079338, 0.785611629486084, 0.7876659631729126, 1.1282703876495361, -0.523478090763092, -0.16968855261802673, 0.17711994051933289, -0.4833219051361084, -1.4371440410614014, -1.1585129499435425, -0.8767481446266174, 0.06906749308109283, 0.5742546916007996, 0.1609077751636505, 0.18628793954849243, 0.5860459804534912, 1.6380125284194946, 0.8633272051811218, -2.0476622581481934, -0.8239926099777222, 1.492214560508728, -1.4635874032974243, -0.19619683921337128, 1.2590564489364624, 0.5524916052818298, 1.0687708854675293, -0.13621580600738525, 0.2669282853603363, 1.1921015977859497, 0.11222042888402939, -0.16583937406539917, -0.5076625347137451, 1.0159986019134521, -0.6168643832206726, -1.2101229429244995, -0.650656521320343, -0.05542350932955742, -0.8219874501228333, 0.8303741216659546, 0.741535484790802, -0.9215076565742493, -0.5041713118553162, 0.5578570365905762, -1.1189717054367065, -0.4431934654712677, -1.0950266122817993, 1.454940915107727, 4.12853479385376, -0.459379643201828, -0.11748075485229492, 0.4237247109413147, 1.525057077407837, 0.1112343817949295, 1.379156470298767, 1.6286616325378418, 1.394017219543457, -0.16286124289035797, -0.5511898994445801, -0.4506416618824005, 1.5512607097625732, -0.11507706344127655, 2.028315305709839, -0.32925817370414734, -1.4630600214004517, 2.284801483154297, 0.6779550909996033, 1.182161569595337, 1.6448101997375488, 1.1938958168029785, -0.36760348081588745, 0.13782793283462524, 0.5657076835632324, -0.4695119559764862, 0.5975923538208008, 0.11680742353200912, 0.6718983054161072, 1.418177604675293, 0.6242988705635071, -0.8201500773429871, 0.9166806936264038, -0.76514732837677, 1.0862318277359009, 1.2409976720809937, 1.833883285522461, -0.1058424711227417, 1.57682466506958, 1.2679215669631958, 1.9886372089385986, 0.5031546950340271, 0.9989508390426636, -0.7968870997428894, 0.6657407879829407, 1.2306104898452759, 1.5694154500961304, 0.8905198574066162, 1.1016689538955688, -0.7516608834266663, -0.939600944519043, -0.9002737402915955, 0.3098664879798889, 0.05207657441496849, -0.9567819833755493, 1.921329379081726, 0.4452114701271057, -0.5334782004356384, -0.33300817012786865, 0.6572889685630798, 2.568469524383545, -0.23155519366264343, 2.090393543243408, 1.4010225534439087, -0.13716308772563934, 0.06745567172765732],