{"name": "DPO", "val_loss": 0.6931471824645996, "val_ROC_AUC": 0.6631555555555555, "val_PR_AUC": 0.7008446832873177, "val_crit_real_mean": 0.326283827966569, "val_crit_real_std": 1.5064000977361096, "val_crit_sampled_mean": 1.2973598238329094, "val_crit_sampled_std": 2.1147966025733758}