{"name": "DPO", "val_loss": 0.015073479401668753, "val_ROC_AUC": 0.9820888888888889, "val_PR_AUC": 0.9841754027210298, "val_crit_real_mean": -19.077691300710043, "val_crit_real_std": 2.9471476273710686, "val_crit_sampled_mean": -10.275985670089721, "val_crit_sampled_std": 2.9029190303512333}