{"name": "SPO", "val_loss": 0.6931471824645996, "val_ROC_AUC": 0.8109333333333334, "val_PR_AUC": 0.8296942462651389, "val_crit_real_mean": -1.4199412473570556, "val_crit_real_std": 1.1627264987725923, "val_crit_sampled_mean": 0.12799325771435785, "val_crit_sampled_std": 1.2775126793019114, "crit_real": [-1.3093204498291016, -2.555656909942627, -1.0146816968917847, -1.5717428922653198, -1.8428858518600464, -2.522733449935913, -0.627181351184845, -1.144046664237976, -2.4785027503967285, -0.2638913094997406, -2.268754482269287, 0.004372097086161375, -1.1523114442825317, -1.9355521202087402, -2.814136266708374, -1.160875916481018, -0.5251820087432861, 0.17380978167057037, -1.6810331344604492, -0.38688650727272034, -0.29991844296455383, -3.048572063446045, -1.4147028923034668, -3.246060848236084, 1.551315188407898, 0.200347900390625, -2.0603995323181152, -2.7541749477386475, -1.7441215515136719, -2.0896553993225098, -0.17013013362884521, -1.244353175163269, -0.3030245900154114, 0.2863616347312927, -1.0313522815704346, 0.21208471059799194, -1.4277920722961426, -3.492363929748535, 0.02710755541920662, -2.086979627609253, -2.121842622756958, -1.50399911403656, -1.6526952981948853, -0.22159242630004883, -0.8837558627128601, -1.5599768161773682, 0.2274845689535141, 0.5299568772315979, -0.8674740195274353, -1.2740375995635986, -1.3244872093200684, 0.23164471983909607, 0.17356377840042114, -2.491300106048584, -2.7290472984313965, -4.034771919250488, -1.333318829536438, -1.7917319536209106, -0.3634718656539917, -2.781780958175659, -2.932948350906372, -2.6416687965393066, -1.1125373840332031, -0.49083250761032104, -1.9754178524017334, -1.6037832498550415, -1.2727843523025513, -0.3588647246360779, -1.5376909971237183, -0.7051793336868286, -3.0818936824798584, -2.217799425125122, -2.7340736389160156, 0.6946405172348022, -2.612090587615967, -2.659137487411499, -2.0563952922821045, -1.006799578666687, -1.8309600353240967, -3.6542792320251465, -3.083087682723999, -0.8333053588867188, -2.6466288566589355, -2.7356200218200684, -1.9408737421035767, -1.7399324178695679, -1.5762388706207275, -2.8322179317474365, 0.30540961027145386, -0.49336934089660645, -2.3829762935638428, -0.49831703305244446, -1.7892922163009644, -0.885137677192688, -1.1799471378326416, -0.5837790966033936, -1.6251709461212158, -2.9014382362365723, -0.5035991668701172, -1.2706300020217896, -4.008899211883545, 0.06623052060604095, -2.4701082706451416, -1.3091058731079102, -0.7475863099098206, -1.6620169878005981, 0.5879637002944946, -0.447215735912323, -1.3058074712753296, -4.350146770477295, -0.6357607841491699, -1.9689905643463135, -0.5134218335151672, 1.0416780710220337, -3.6368441581726074, 0.15223132073879242, -1.0219802856445312, -3.7745888233184814, -1.999862551689148, -4.372613906860352, -1.7248642444610596, 0.2241968810558319, 0.37504303455352783, -1.3028836250305176, -0.4879711866378784, -1.9263592958450317, -0.8402880430221558, -1.050286889076233, -0.9685304760932922, -0.5706735849380493, -2.3237130641937256, -2.593735456466675, -1.030532956123352, -0.9567455649375916, -0.9605313539505005, 0.042225394397974014, -1.27408766746521, -2.596726417541504, -2.692643404006958, -2.04099702835083, -0.6137691140174866, -1.1568965911865234, -1.922910213470459, -0.7376293540000916, -0.10143005102872849, -1.3379794359207153, -1.729352593421936, -3.2547526359558105, -0.9383710622787476, -0.14828498661518097], "crit_sampled": [-0.8334912657737732, -1.4593132734298706, -0.9184283018112183, -2.909449577331543, 0.8567237257957458, 1.1424155235290527, 0.02236463874578476, -2.3473572731018066, 0.21602903306484222, 0.8422189354896545, -1.9430992603302002, -0.5010787844657898, 0.5665379762649536, 1.0256752967834473, 1.4532679319381714, 2.7853519916534424, -0.8815617561340332, -1.7447010278701782, 0.019814975559711456, 2.2012102603912354, -1.52200448513031, -0.30685001611709595, -0.26711151003837585, -0.14918792247772217, 1.1749241352081299, -0.18238896131515503, 1.302229881286621, 0.6459023356437683, -0.09126360714435577, -1.5777182579040527, -2.1376802921295166, 1.087589979171753, 0.8512079119682312, -0.8084061145782471, -0.13924922049045563, -0.0725250318646431, -2.0922861099243164, -1.2790707349777222, 1.553974986076355, -0.3291461765766144, 0.8184267282485962, -0.9664853811264038, 0.08123119920492172, 1.5107336044311523, -0.708051860332489, -0.3693207800388336, 0.5957129597663879, 0.16724330186843872, -0.47264108061790466, -0.9993911385536194, 0.6501625180244446, 1.4879474639892578, 1.194470763206482, 1.1478140354156494, -0.3999828100204468, -2.0035810470581055, -0.46826374530792236, 1.5957101583480835, -0.8606927394866943, 1.0759773254394531, -0.1713656187057495, 0.8302595615386963, -0.9293271899223328, 0.34659481048583984, 1.289182186126709, -1.394861102104187, 1.0661888122558594, 0.06666827946901321, 0.43161237239837646, -0.7648069858551025, -0.6647717356681824, -0.24805308878421783, -1.3821243047714233, 1.9238032102584839, -1.4096519947052002, 1.3984848260879517, 1.8473138809204102, 0.1475285291671753, 0.6785681843757629, 0.274820476770401, -0.23409444093704224, 0.7595841288566589, 1.579782247543335, -0.9516421556472778, 3.7983922958374023, -2.4451282024383545, 0.3754495084285736, 1.8010395765304565, 0.2538766860961914, 0.30583009123802185, 0.7374970316886902, -0.6265230178833008, -1.0309885740280151, 2.0528438091278076, 2.462123155593872, 1.1748943328857422, -1.2583630084991455, 0.650844156742096, 2.465651273727417, 0.13655854761600494, 1.0954575538635254, 2.1198742389678955, -0.46607980132102966, 1.6587882041931152, 2.0578486919403076, -1.047731876373291, 0.8503589034080505, -0.3669940233230591, -0.16469401121139526, 0.011600601486861706, -0.35178038477897644, 0.2830740511417389, 0.8660152554512024, -0.30226147174835205, -1.4666796922683716, -0.914698600769043, 0.5844725370407104, -2.350684404373169, 0.5529424548149109, -0.5918458104133606, 0.3913910686969757, 1.3848161697387695, 0.8651385307312012, 2.0263469219207764, -2.4635369777679443, -0.6310440301895142, 0.7126492857933044, 0.00012166117085143924, 1.1943196058273315, 1.6165258884429932, -0.19899126887321472, -0.9664677381515503, 0.9664542078971863, -1.3155479431152344, -1.5433602333068848, 1.5150264501571655, -1.8895635604858398, 1.7703285217285156, -2.3651463985443115, 1.5440831184387207, -0.6780042052268982, -2.188958168029785, -0.3788147270679474, 0.2617511749267578, -0.0355694517493248, 3.1549251079559326, -0.16093863546848297, 0.7616731524467468, 2.21584153175354, -0.09822340309619904],