{"name": "SPO", "val_loss": 0.6931471824645996, "val_ROC_AUC": 0.9675555555555555, "val_PR_AUC": 0.9702901231244787, "val_crit_real_mean": -3.387121964097023, "val_crit_real_std": 1.284599545778412, "val_crit_sampled_mean": 0.48741294897471865, "val_crit_sampled_std": 1.703324327544553, "crit_real": [-3.512423515319824, -3.5305473804473877, -5.396531105041504, -2.8811190128326416, -3.108022928237915, -1.2874605655670166, -3.389784574508667, -3.4803993701934814, -3.1948883533477783, -3.5778846740722656, -2.278827667236328, -2.4642276763916016, -3.1218109130859375, -5.28373384475708, -2.3928897380828857, -2.076054811477661, -4.680345058441162, -4.179084777832031, -5.552214622497559, -4.56604528427124, -3.8762567043304443, -3.32017183303833, -1.4392008781433105, -3.388582229614258, -2.1878550052642822, -4.095930576324463, -1.4694523811340332, -2.564188241958618, -2.5417540073394775, -2.01027774810791, -2.957275867462158, -2.7399916648864746, -5.752742767333984, -2.8601503372192383, -4.006770610809326, -4.089550495147705, -4.264681339263916, -2.4009337425231934, -2.9355790615081787, -3.8371055126190186, -3.396578073501587, -3.421647310256958, -1.4969934225082397, -2.444518566131592, -3.9517831802368164, -1.6317416429519653, -1.673689842224121, -5.287703514099121, -2.133523464202881, -3.1868181228637695, -3.745572090148926, -6.282145023345947, -2.664182424545288, -3.4088573455810547, -4.242030143737793, -3.084155559539795, -4.167970657348633, 0.48860403895378113, -3.636931896209717, -0.9245615601539612, -2.219604969024658, -2.805691719055176, -4.059421062469482, -4.616031646728516, -1.7495709657669067, -3.028795003890991, -4.727788925170898, -3.8398311138153076, -2.1683435440063477, -0.529606819152832, -4.57727575302124, -3.3498408794403076, -3.095560312271118, -5.107707977294922, -3.469428300857544, -2.8182687759399414, -3.5544610023498535, -0.781484842300415, -5.373297691345215, -3.384451150894165, -7.488388538360596, -3.222930908203125, -3.397881031036377, -4.254979133605957, -3.8421027660369873, -4.518336772918701, -5.39219331741333, -3.424109935760498, -3.4695868492126465, -5.846310615539551, -4.082822799682617, -2.1640942096710205, -2.7931735515594482, -4.8443169593811035, -2.241809606552124, -3.865940809249878, -2.7108418941497803, -2.931334972381592, -2.9496703147888184, -3.2770824432373047, -3.1823248863220215, -3.9759347438812256, -4.067953586578369, -1.8811155557632446, -1.48564612865448, -4.141524314880371, -3.0396316051483154, -2.28267502784729, -2.06376576423645, -4.264588832855225, -1.8174687623977661, -2.050124168395996, -3.5313191413879395, -1.9330466985702515, -5.422274112701416, -6.205516815185547, -3.0491085052490234, -2.221076011657715, -3.294645071029663, -2.36954927444458, -4.741838455200195, -1.748105525970459, -2.359200954437256, -6.454698085784912, -3.7321362495422363, -5.427942752838135, -3.6386871337890625, -1.671877145767212, -1.996693730354309, -3.2475531101226807, -1.516704797744751, -3.8856101036071777, -3.5828073024749756, -2.491062879562378, -4.77175235748291, -4.850436687469482, -4.354765892028809, -5.258028030395508, -3.5515239238739014, -4.177357196807861, -4.145421981811523, -1.976917028427124, -2.8586790561676025, -3.652378559112549, -5.851672649383545, -4.434192657470703, -4.3970770835876465, -3.193002462387085, -2.8230786323547363, -4.037886619567871], "crit_sampled": [-0.36117804050445557, 0.4591376781463623, -3.0886738300323486, -0.2369803786277771, 0.0874343067407608, 2.143599271774292, 1.4201620817184448, -1.4209134578704834, -0.16261252760887146, 0.36367544531822205, 0.7653945088386536, -0.2889697253704071, 1.1207808256149292, 2.6490578651428223, 0.31060636043548584, 2.9826393127441406, 0.09452877938747406, 1.8325787782669067, 2.0599424839019775, 2.2565622329711914, 0.18955989181995392, 2.640101432800293, 1.018862247467041, 1.083096981048584, 2.037792682647705, -3.1406984329223633, 1.138883113861084, -0.3577589988708496, -1.291317343711853, -0.5339813232421875, 3.5449018478393555, 0.42746198177337646, 0.7108134627342224, 2.0483338832855225, -1.8250250816345215, 2.0740301609039307, -2.1578991413116455, 1.3614230155944824, 0.3967995345592499, -0.34607428312301636, -1.8668893575668335, -2.4884371757507324, 2.667989730834961, 1.9226144552230835, -1.8394992351531982, 1.484102725982666, -1.4217065572738647, -0.3804192543029785, 1.4143362045288086, -1.1388360261917114, -0.15903188288211823, 0.9981141090393066, 0.34305426478385925, 2.676677703857422, 4.691038608551025, -1.763573169708252, -1.4060044288635254, -0.5103392004966736, -2.2678277492523193, 2.238924503326416, 2.1339917182922363, 0.1995289921760559, -0.5252891778945923, 2.0889225006103516, 0.06512926518917084, -1.196673035621643, 0.13840195536613464, 1.3102667331695557, -0.9767294526100159, -1.627638339996338, 3.5027003288269043, -1.643351674079895, 1.6367270946502686, 3.2024598121643066, -2.094043254852295, 1.3478363752365112, 3.3959267139434814, 1.6516051292419434, -0.005243626423180103, -0.7476568222045898, 1.254626750946045, 3.151799201965332, -1.5366692543029785, -0.9332914352416992, 2.408804178237915, 0.1958814114332199, -0.7451077103614807, 0.7463322281837463, -0.21626605093479156, 0.35419175028800964, 3.5260026454925537, -0.2899019718170166, -0.910296618938446, 1.6886215209960938, -0.44101691246032715, 0.4884226322174072, 1.4056802988052368, -0.06358391046524048, 2.5648725032806396, 1.1621019840240479, 2.540395736694336, -3.6294217109680176, -2.401972532272339, 1.8775341510772705, 0.03423117473721504, 2.233741521835327, 1.5716406106948853, -1.3676592111587524, 2.0125651359558105, 0.7198379635810852, -1.068363904953003, 4.742440700531006, 1.030308723449707, -1.5675773620605469, -2.13222599029541, -0.7262830138206482, 0.03939090296626091, 1.4333511590957642, 1.2522509098052979, 1.9925237894058228, 2.4333837032318115, 0.46065136790275574, 2.3277151584625244, 1.9804892539978027, 0.46387916803359985, -1.838463306427002, 1.9030861854553223, -0.02783997356891632, 0.544041097164154, -1.970430850982666, 0.9810425639152527, 1.1861469745635986, 0.05804763734340668, 2.770663261413574, -0.8522467613220215, -1.9612665176391602, 3.2282462120056152, 3.370306968688965, -2.507258415222168, 1.3849152326583862, -1.333277940750122, -0.7054530382156372, -1.9885823726654053, 0.10505617409944534, 2.292249917984009, -1.9178810119628906, 0.6115641593933105, 0.9966875314712524, 0.4786737561225891, 1.1826471090316772], "fpr": [0.0, 0.0, 0.0, 0.006666666666666667, 0.006666666666666667, 0.013333333333333334, 0.013333333333333334, 0.02, 0.02, 0.02666666666666667, 0.02666666666666667, 0.03333333333333333, 0.03333333333333333, 0.06666666666666667, 0.06666666666666667, 0.07333333333333333, 0.07333333333333333, 0.1, 0.1, 0.10666666666666667, 0.10666666666666667, 0.11333333333333333, 0.11333333333333333, 0.12, 0.12, 0.12666666666666668, 0.12666666666666668, 0.16, 0.16, 0.16666666666666666, 0.16666666666666666, 0.20666666666666667, 0.20666666666666667, 0.24666666666666667, 0.24666666666666667, 0.26, 0.26, 0.26666666666666666, 0.26666666666666666, 0.4, 0.4, 0.42, 0.42, 0.6066666666666667, 0.6066666666666667, 1.0], "tpr": [0.0, 0.006666666666666667, 0.47333333333333333, 0.47333333333333333, 0.7266666666666667, 0.7266666666666667, 0.76, 0.76, 0.7733333333333333, 0.7733333333333333, 0.8066666666666666, 0.8066666666666666, 0.8466666666666667, 0.8466666666666667, 0.8666666666666667, 0.8666666666666667, 0.8733333333333333, 0.8733333333333333, 0.88, 0.88, 0.9066666666666666, 0.9066666666666666, 0.9133333333333333, 0.9133333333333333, 0.9266666666666666, 0.9266666666666666, 0.9333333333333333, 0.9333333333333333, 0.9466666666666667, 0.9466666666666667, 0.9533333333333334, 0.9533333333333334, 0.96, 0.96, 0.9666666666666667, 0.9666666666666667, 0.9733333333333334, 0.9733333333333334, 0.98, 0.98, 0.9866666666666667, 0.9866666666666667, 0.9933333333333333, 0.9933333333333333, 1.0, 1.0]}