{"name": "SPO", "val_loss": 0.6931471824645996, "val_ROC_AUC": 0.7904444444444445, "val_PR_AUC": 0.819849829041292, "val_crit_real_mean": -1.8659292664627234, "val_crit_real_std": 1.1646943084465982, "val_crit_sampled_mean": -0.3030802059173584, "val_crit_sampled_std": 1.5242138215648842, "crit_real": [-1.9533346891403198, -3.2843003273010254, -1.3222730159759521, -4.208477020263672, -2.1650965213775635, -1.5553160905838013, -4.239245891571045, -1.2500569820404053, -2.3611111640930176, -3.379427909851074, -0.8791549801826477, -2.3484134674072266, -1.2739287614822388, -2.5073297023773193, -1.2763845920562744, -2.6932621002197266, -3.6890363693237305, -1.2428641319274902, -1.0370148420333862, -1.5934253931045532, -1.5251566171646118, -0.72822105884552, -1.5827831029891968, -2.1220650672912598, -1.425512433052063, -0.37408608198165894, -1.4305031299591064, 0.7682203054428101, -1.9216560125350952, -2.2960832118988037, -0.8856247663497925, -3.2383103370666504, -2.674483060836792, -3.724799394607544, -2.0322325229644775, -2.7664260864257812, -3.354525566101074, -1.6718008518218994, -1.5856101512908936, -1.1076672077178955, -0.19101275503635406, -1.8274738788604736, -1.5713286399841309, -1.9290333986282349, -1.8560147285461426, -1.5141711235046387, -2.1447575092315674, -4.488499164581299, -1.3636257648468018, -1.0934782028198242, 0.021781455725431442, -1.6571742296218872, -1.3362841606140137, -3.713284492492676, -1.0669924020767212, -2.600356340408325, -3.571192502975464, -1.1049237251281738, -5.813999652862549, -2.7059743404388428, -1.9438122510910034, -0.1861354112625122, 0.08192805200815201, -1.405250906944275, -1.4639421701431274, 0.6552949547767639, -2.7489795684814453, -3.289813756942749, -3.078267812728882, -2.254066228866577, -1.6918563842773438, -0.6271980404853821, -2.565563917160034, -1.2951884269714355, -2.082681179046631, -1.950364589691162, -2.9815568923950195, -1.457618236541748, -3.277122974395752, -2.575234889984131, -2.730632781982422, -1.8517292737960815, -2.6831204891204834, 0.1677616536617279, -1.071053147315979, -1.259221076965332, -2.015284776687622, -2.1793265342712402, -1.7083368301391602, -4.15072774887085, -0.5126209259033203, -0.2287338525056839, -2.5975446701049805, -2.120621681213379, -2.7341105937957764, -2.825469732284546, -0.5866891741752625, -2.9163174629211426, -1.9926236867904663, -2.226954698562622, -3.236565351486206, -1.3990867137908936, -1.8126447200775146, -2.034085750579834, -4.085895538330078, -0.7398268580436707, -0.0637931376695633, -3.517298460006714, -0.32922276854515076, -2.207296371459961, -1.4236528873443604, -0.1288393884897232, -0.6407787203788757, -0.9021363854408264, -2.3626863956451416, 0.062026266008615494, -2.410849094390869, -2.121053457260132, -1.837412714958191, -2.7137701511383057, -2.127382516860962, -3.8820953369140625, 0.21834520995616913, -0.9790012836456299, -1.6044201850891113, -0.5854952335357666, -1.4119501113891602, -1.3035856485366821, -0.022301465272903442, -0.35541319847106934, 0.1784522980451584, -3.0899322032928467, -1.0404819250106812, -2.181168556213379, -2.4058194160461426, -1.8821285963058472, -1.3427097797393799, -2.935197353363037, -1.0851600170135498, -1.1499429941177368, -4.602836608886719, -2.746676206588745, -2.9465739727020264, 0.4275530278682709, -0.7491339445114136, -1.1772531270980835, -1.6076387166976929, -3.18583607673645, -2.5791659355163574, -2.0022075176239014], "crit_sampled": [-2.2132153511047363, 0.9069341421127319, -0.991927981376648, 0.0699385330080986, 1.5379687547683716, -0.4106460511684418, -1.97739839553833, 0.5477941036224365, -2.6811976432800293, -2.451950788497925, 0.6740404963493347, 0.27989012002944946, 0.5520042181015015, -0.6701748371124268, 0.5847015380859375, 1.4256473779678345, -2.9883928298950195, -0.21276618540287018, 1.812855839729309, 0.08213497698307037, -2.340200662612915, 1.2648118734359741, 0.4866960048675537, -0.7391079664230347, -0.8886212706565857, -1.101681113243103, 1.2148345708847046, -1.0447146892547607, -0.3878898322582245, -1.4245575666427612, 0.4974755346775055, -2.5083842277526855, -0.8246302008628845, -0.7462295293807983, -0.6726937890052795, 2.7409615516662598, -2.6047544479370117, -0.9782130718231201, -2.346116304397583, -0.6441190838813782, -0.24831336736679077, -2.342877149581909, -0.7089101672172546, -1.018655776977539, 0.6808810830116272, -3.858003616333008, -3.8789966106414795, -1.4874736070632935, -0.20564192533493042, -1.7825685739517212, -0.11820847541093826, 0.4635840058326721, 0.44414064288139343, -1.1031864881515503, 1.1363563537597656, -4.1507887840271, -2.3671131134033203, -0.8651428818702698, -3.069619655609131, 1.724678635597229, -2.3012747764587402, 1.2209218740463257, -1.3289825916290283, 2.2359490394592285, -1.0568339824676514, 0.2150992453098297, -0.8787667751312256, -0.5273981094360352, -0.8613963723182678, 0.2648351490497589, -1.492352843284607, 2.2730321884155273, -0.15180397033691406, -1.1284691095352173, -1.6279892921447754, 1.1502238512039185, -0.4747333824634552, 1.010420799255371, -1.7651361227035522, -1.7188465595245361, -2.6806163787841797, -0.2398243397474289, -0.8799586892127991, -0.9838933348655701, 2.892101287841797, 0.0837259516119957, 1.1286019086837769, 1.8835736513137817, -0.8986631631851196, -1.9860055446624756, 0.3253629207611084, 1.1480796337127686, -0.051340363919734955, 0.7207318544387817, -1.452294111251831, 0.2224167287349701, 0.08976752310991287, -2.624878406524658, 2.1731059551239014, 2.127926826477051, 0.6505283117294312, -0.6711433529853821, -1.9285461902618408, 1.4929156303405762, 0.13023057579994202, 0.9638320803642273, -1.280775547027588, -2.134673595428467, 1.0929943323135376, 2.243924617767334, -1.303786277770996, 0.8187487125396729, 1.684436559677124, -0.665411114692688, -1.5482641458511353, 1.45343017578125, -0.8559443354606628, -1.2954548597335815, 2.396711826324463, -0.2371031641960144, -0.04226509481668472, -1.5720207691192627, 0.3978443145751953, 2.6145355701446533, 2.5622894763946533, 0.29007261991500854, -1.230582594871521, -1.9742456674575806, -0.8261188268661499, 2.0062954425811768, -0.8596761226654053, -0.018900617957115173, 1.328373908996582, -1.7597907781600952, -0.1523725986480713, 1.305875539779663, -0.3390374481678009, 0.9372857809066772, -1.8356560468673706, -0.3838227689266205, -2.086954116821289, -2.483835220336914, -0.5449326634407043, -0.6754603385925293, 2.1341865062713623, -0.832531213760376, 3.9754419326782227, 0.17578791081905365, 0.29016655683517456, 1.0037016868591309],