{"name": "DPO", "val_loss": 0.014478528256206573, "val_ROC_AUC": 0.8383555555555555, "val_PR_AUC": 0.8322974115050956, "val_crit_real_mean": -19.077691300710043, "val_crit_real_std": 2.9471476273710686, "val_crit_sampled_mean": -15.094946511586507, "val_crit_sampled_std": 2.5618542528439985}