{"name": "DPO", "val_loss": 0.6931471824645996, "val_ROC_AUC": 0.6380444444444444, "val_PR_AUC": 0.6891405900342458, "val_crit_real_mean": 0.698199603431082, "val_crit_real_std": 1.4143092184148418, "val_crit_sampled_mean": 1.5178729790837193, "val_crit_sampled_std": 2.114920289410161}