{"name": "DPO", "val_loss": 0.009565478345015019, "val_ROC_AUC": 0.9136444444444446, "val_PR_AUC": 0.9253110025293687, "val_crit_real_mean": -15.268226356506348, "val_crit_real_std": 2.9652133877076663, "val_crit_sampled_mean": -9.405522894859313, "val_crit_sampled_std": 3.025656952883207, "crit_real": [-16.411121368408203, -11.110169410705566, -17.330402374267578, -17.39276123046875, -19.541669845581055, -15.138681411743164, -15.056425094604492, -11.895284652709961, -12.44186019897461, -10.79819107055664, -20.351734161376953, -16.59187889099121, -12.41673469543457, -15.113754272460938, -17.182531356811523, -14.717976570129395, -13.69099235534668, -20.756589889526367, -15.479252815246582, -11.575368881225586, -12.106711387634277, -12.27945327758789, -13.027042388916016, -14.020431518554688, -18.2773380279541, -13.895429611206055, -19.316781997680664, -12.752154350280762, -15.300979614257812, -13.1959810256958, -16.573740005493164, -20.189815521240234, -20.12453842163086, -15.591490745544434, -13.108207702636719, -9.174839973449707, -10.780834197998047, -16.925168991088867, -17.545578002929688, -12.6666841506958, -10.6561918258667, -12.800614356994629, -14.579983711242676, -19.22608757019043, -16.051454544067383, -18.28765869140625, -16.33175277709961, -13.380815505981445, -13.027186393737793, -18.706100463867188, -14.534186363220215, -16.86064910888672, -15.267545700073242, -19.970779418945312, -14.216333389282227, -22.904157638549805, -20.07731056213379, -18.033105850219727, -14.216630935668945, -13.812410354614258, -12.40437126159668, -16.143247604370117, -14.930909156799316, -15.06054401397705, -20.442874908447266, -17.943538665771484, -17.016664505004883, -13.7738676071167, -12.52295970916748, -16.038021087646484, -15.661328315734863, -17.855449676513672, -15.262261390686035, -13.605889320373535, -18.024093627929688, -15.397195816040039, -13.265134811401367, -13.383553504943848, -16.985624313354492, -15.886378288269043, -22.50554656982422, -11.597914695739746, -22.139802932739258, -16.688831329345703, -10.119039535522461, -16.644725799560547, -13.2776460647583, -14.292732238769531, -18.075523376464844, -10.929089546203613, -18.585729598999023, -14.527472496032715, -14.992680549621582, -18.329620361328125, -15.847197532653809, -11.809847831726074, -13.834647178649902, -17.203304290771484, -14.50656795501709, -13.456199645996094, -10.795661926269531, -18.728307723999023, -14.188773155212402, -16.08263397216797, -17.395233154296875, -14.624130249023438, -14.892565727233887, -12.844819068908691, -16.146392822265625, -14.567317962646484, -15.009057998657227, -19.268918991088867, -8.422008514404297, -20.162153244018555, -16.20050811767578, -10.253639221191406, -17.0425968170166, -16.372690200805664, -19.218006134033203, -13.618904113769531, -15.239737510681152, -16.40022087097168, -19.24341583251953, -10.731715202331543, -19.19305419921875, -18.584054946899414, -14.679160118103027, -13.614620208740234, -15.335094451904297, -11.54997444152832, -13.565848350524902, -13.190174102783203, -10.243694305419922, -15.612785339355469, -14.838786125183105, -18.280248641967773, -13.666953086853027, -14.329410552978516, -18.102001190185547, -12.455907821655273, -15.23249340057373, -21.18742561340332, -14.869418144226074, -10.006417274475098, -13.709033012390137, -9.846769332885742, -12.985607147216797, -15.91092300415039, -16.74948501586914, -9.289641380310059], "crit_sampled": [-8.927448272705078, -3.6554386615753174, -8.085809707641602, -12.392118453979492, -10.97464656829834, -11.797220230102539, -11.450246810913086, -9.25355052947998, -6.886224746704102, -7.689525127410889, -12.539965629577637, -9.611104011535645, -5.274363994598389, -11.312146186828613, -8.958272933959961, -9.500597953796387, -9.941197395324707, -15.04267692565918, -6.7706074714660645, -3.5065762996673584, -8.222433090209961, -5.97474479675293, -6.841299057006836, -11.135007858276367, -8.033747673034668, -11.549555778503418, -14.204546928405762, -10.978703498840332, -9.798053741455078, -7.71246862411499, -7.508791446685791, -14.557292938232422, -15.366043090820312, -8.840836524963379, -7.885645389556885, -10.739277839660645, -10.265459060668945, -16.73887825012207, -13.228372573852539, -9.648320198059082, -9.753508567810059, -5.577422618865967, -6.321695327758789, -13.711742401123047, -12.349039077758789, -8.944594383239746, -13.671216011047363, -10.458745956420898, -5.693675518035889, -15.161574363708496, -10.580503463745117, -8.438105583190918, -13.401654243469238, -10.938116073608398, -8.678814888000488, -13.425358772277832, -9.790644645690918, -14.026962280273438, -9.700287818908691, -8.93620491027832, -8.570796966552734, -8.463878631591797, -8.775650978088379, -9.56136417388916, -8.335777282714844, -10.620759010314941, -9.786759376525879, -9.279139518737793, -9.230426788330078, -12.725406646728516, -9.773301124572754, -14.500332832336426, -9.394562721252441, -6.917595386505127, -14.143265724182129, -8.975530624389648, -9.793630599975586, -7.673768520355225, -8.296320915222168, -11.204657554626465, -10.672131538391113, -3.4056427478790283, -13.969807624816895, -10.263936042785645, -3.819701910018921, -15.87375259399414, -9.91113567352295, -8.897110939025879, -10.700111389160156, -4.675329208374023, -6.976036548614502, -9.887796401977539, -9.029535293579102, -6.9266815185546875, -11.998305320739746, -7.087071895599365, -8.771791458129883, -8.088676452636719, -7.8063788414001465, -9.581941604614258, -7.7287187576293945, -15.813063621520996, -8.613195419311523, -10.712015151977539, -2.804560422897339, -6.3979034423828125, -9.08052921295166, -5.333298683166504, -6.387876033782959, -6.379449844360352, -9.8876953125, -10.882392883300781, -4.133000373840332, -15.104351997375488, -8.878220558166504, -6.98616361618042, -14.563315391540527, -9.087146759033203, -14.830379486083984, -9.355034828186035, -5.236563682556152, -12.932902336120605, -10.653091430664062, -7.6991729736328125, -6.790075778961182, -11.489169120788574, -9.058734893798828, -8.66922378540039, -9.085490226745605, -5.518511772155762, -10.070967674255371, -8.709009170532227, -4.9134674072265625, -9.257890701293945, -7.163270473480225, -12.657329559326172, -10.821220397949219, -7.144301891326904, -11.893335342407227, -6.937166213989258, -10.10256290435791, -17.42948341369629, -5.832870006561279, -7.033468723297119, -3.0425033569335938, -4.72648286819458, -5.745157241821289, -6.730741500854492, -9.088582992553711, -4.712491035461426]}