{"name": "DPO", "val_loss": 0.006557186711272796, "val_ROC_AUC": 0.9669777777777778, "val_PR_AUC": 0.9720667017387671, "val_crit_real_mean": -17.122286542256674, "val_crit_real_std": 3.000631482365907, "val_crit_sampled_mean": -8.772621796925863, "val_crit_sampled_std": 3.091351993592553, "crit_real": [-15.183259010314941, -19.379859924316406, -21.638959884643555, -18.199447631835938, -17.276866912841797, -15.515087127685547, -16.79155158996582, -16.17896270751953, -19.120397567749023, -20.305870056152344, -15.302703857421875, -15.066311836242676, -17.069093704223633, -20.6431884765625, -16.281068801879883, -14.494946479797363, -19.288007736206055, -15.266669273376465, -21.03107261657715, -16.258071899414062, -19.13388442993164, -13.18690299987793, -10.97791862487793, -19.05071258544922, -14.180227279663086, -23.845842361450195, -19.286165237426758, -14.654597282409668, -15.047588348388672, -13.266770362854004, -18.197715759277344, -9.537627220153809, -22.526247024536133, -16.089797973632812, -19.13060760498047, -18.060075759887695, -18.93808364868164, -12.566832542419434, -19.04183006286621, -20.56533432006836, -14.774575233459473, -17.719993591308594, -13.682478904724121, -11.974308013916016, -15.902050018310547, -17.4183292388916, -10.127829551696777, -17.45012855529785, -16.154430389404297, -18.661415100097656, -12.31307315826416, -19.780414581298828, -14.52590274810791, -13.643962860107422, -15.805767059326172, -18.00411033630371, -19.406755447387695, -13.91673755645752, -20.511932373046875, -11.229705810546875, -14.811239242553711, -15.036486625671387, -20.010766983032227, -20.968711853027344, -17.640005111694336, -17.610078811645508, -19.68952751159668, -14.93212890625, -11.347454071044922, -15.383282661437988, -15.555228233337402, -16.149118423461914, -15.724807739257812, -16.91828727722168, -18.867965698242188, -14.449885368347168, -17.857566833496094, -14.003037452697754, -21.017786026000977, -21.297565460205078, -24.209972381591797, -15.695491790771484, -15.552803039550781, -17.926118850708008, -20.435606002807617, -17.39275360107422, -22.257856369018555, -15.637042045593262, -18.723360061645508, -22.799829483032227, -22.81133270263672, -15.570646286010742, -18.655344009399414, -18.352489471435547, -14.294933319091797, -12.771211624145508, -13.340574264526367, -16.658132553100586, -16.95833396911621, -17.748809814453125, -17.665081024169922, -15.86325454711914, -15.577478408813477, -17.041101455688477, -15.206327438354492, -16.080129623413086, -15.542852401733398, -16.011781692504883, -18.628267288208008, -14.443608283996582, -15.057355880737305, -16.83845329284668, -20.182716369628906, -18.14202880859375, -20.496089935302734, -19.530961990356445, -22.98078727722168, -15.45330810546875, -18.334362030029297, -12.314608573913574, -19.066816329956055, -12.657160758972168, -17.85357093811035, -22.584230422973633, -14.67867374420166, -23.254213333129883, -23.133678436279297, -16.58875846862793, -13.082743644714355, -21.6405029296875, -12.617010116577148, -13.566904067993164, -20.413307189941406, -16.60000991821289, -17.89600372314453, -15.476736068725586, -21.337722778320312, -17.78842544555664, -18.87310218811035, -15.980355262756348, -21.2537841796875, -13.923933982849121, -17.901042938232422, -15.806758880615234, -20.89761734008789, -18.770898818969727, -15.429052352905273, -14.972805976867676, -17.508865356445312, -17.75411033630371], "crit_sampled": [-7.35152530670166, -9.445028305053711, -16.690475463867188, -2.1795761585235596, -7.161270618438721, -6.297016620635986, -5.916395664215088, -9.937346458435059, -8.3847017288208, -10.86462116241455, -10.425241470336914, -6.849250316619873, -13.065231323242188, -12.46809196472168, -7.61885929107666, -10.266409873962402, -9.647683143615723, -8.979264259338379, -4.3587188720703125, -11.427172660827637, -4.826066017150879, -6.756905555725098, -6.314852714538574, -10.876195907592773, -4.977571964263916, -9.459007263183594, -13.20805835723877, -8.66646957397461, -11.257912635803223, -10.513507843017578, -6.011970043182373, -5.615969657897949, -15.600184440612793, -4.875507831573486, -8.091448783874512, -9.431580543518066, -13.09209156036377, -4.976643085479736, -17.916940689086914, -9.825592041015625, -7.440500259399414, -14.72149658203125, -6.41626501083374, -7.614030838012695, -7.191524505615234, -4.774745464324951, -5.5430803298950195, -11.701848030090332, -6.984519004821777, -14.060851097106934, -8.958505630493164, -3.4616405963897705, -11.609814643859863, -5.447853088378906, -7.1891655921936035, -14.842045783996582, -7.0446553230285645, -8.79892349243164, -9.078085899353027, -7.004601955413818, -8.127315521240234, -7.355587005615234, -9.298901557922363, -9.270048141479492, -5.053282260894775, -13.502278327941895, -3.0765650272369385, -8.521276473999023, -6.223260879516602, -11.835726737976074, -6.823362350463867, -9.324251174926758, -7.844967842102051, -7.3712849617004395, -9.725903511047363, -7.2758965492248535, -7.452860355377197, -4.491574287414551, -7.73499059677124, -13.36451244354248, -16.583280563354492, -6.407886981964111, -6.479128837585449, -10.961857795715332, -6.12638521194458, -7.210261821746826, -9.756476402282715, -12.727348327636719, -16.159202575683594, -14.55359172821045, -7.530890464782715, -11.70947551727295, -6.634293556213379, -6.174776077270508, -9.691420555114746, -8.571656227111816, -9.050209999084473, -11.299389839172363, -7.785879611968994, -11.908551216125488, -7.11112117767334, -9.36612319946289, -6.3722357749938965, -9.590132713317871, -5.639775276184082, -7.01567268371582, -6.9052934646606445, -6.889124393463135, -8.985747337341309, -7.44820499420166, -3.534040927886963, -6.291176795959473, -7.0617451667785645, -12.487080574035645, -13.222323417663574, -11.722844123840332, -14.238263130187988, -8.25869369506836, -11.618324279785156, -8.465174674987793, -8.276285171508789, -8.038223266601562, -9.304547309875488, -7.795094013214111, -4.803892612457275, -7.822787761688232, -8.217185020446777, -14.038954734802246, -9.510201454162598, -10.282613754272461, -4.237466335296631, -7.155425071716309, -8.437305450439453, -7.647789478302002, -5.577095985412598, -6.629664897918701, -15.36145305633545, -6.47750997543335, -9.171518325805664, -7.476083278656006, -12.501985549926758, -10.798755645751953, -10.960052490234375, -5.756270885467529, -7.553064823150635, -10.636099815368652, -1.0915720462799072, -8.132285118103027, -9.36195182800293, -8.10871696472168]}