{"name": "DPO", "val_loss": 0.002093210673491607, "val_ROC_AUC": 0.9670666666666666, "val_PR_AUC": 0.9704211632172218, "val_crit_real_mean": -19.077691300710043, "val_crit_real_std": 2.9471476273710686, "val_crit_sampled_mean": -11.451585959593455, "val_crit_sampled_std": 3.0191077171674303, "crit_real": [-21.743118286132812, -22.10037612915039, -12.608307838439941, -19.740415573120117, -17.203407287597656, -17.236797332763672, -20.248638153076172, -14.622587203979492, -17.713706970214844, -21.44066619873047, -21.30611801147461, -19.560752868652344, -18.223894119262695, -19.01112174987793, -22.80373191833496, -20.458301544189453, -17.867883682250977, -13.838994979858398, -20.26276397705078, -20.44239616394043, -20.780235290527344, -19.6744384765625, -19.74045753479004, -18.61865234375, -20.315250396728516, -17.69603157043457, -22.36304473876953, -13.706294059753418, -22.197710037231445, -22.851520538330078, -18.673505783081055, -19.397912979125977, -21.941692352294922, -23.93796730041504, -19.13705825805664, -15.214092254638672, -24.21346664428711, -20.591650009155273, -19.46009063720703, -19.739044189453125, -14.824426651000977, -17.017587661743164, -23.15433692932129, -17.917177200317383, -23.2539119720459, -19.84968376159668, -20.514772415161133, -20.65471839904785, -21.309749603271484, -16.845355987548828, -17.729402542114258, -17.950719833374023, -21.992660522460938, -17.379432678222656, -18.17019271850586, -21.164602279663086, -20.341663360595703, -15.179216384887695, -22.749849319458008, -21.89082908630371, -18.886240005493164, -15.10306167602539, -15.69999885559082, -18.283065795898438, -19.401845932006836, -20.78623390197754, -18.055944442749023, -21.91558074951172, -22.930133819580078, -23.40656089782715, -18.7696533203125, -17.622758865356445, -22.14903450012207, -20.780563354492188, -21.525156021118164, -17.94925880432129, -21.588397979736328, -14.34385871887207, -18.522226333618164, -16.03717041015625, -21.666072845458984, -18.251556396484375, -22.334840774536133, -18.120853424072266, -14.200837135314941, -15.888165473937988, -20.755916595458984, -16.36315155029297, -19.879762649536133, -19.005996704101562, -14.04390811920166, -21.176212310791016, -17.569265365600586, -13.971174240112305, -19.034963607788086, -19.019189834594727, -13.789928436279297, -25.827009201049805, -18.460073471069336, -18.37688636779785, -23.454784393310547, -17.055288314819336, -18.084468841552734, -15.859395980834961, -26.380937576293945, -19.530317306518555, -17.40241050720215, -24.668521881103516, -18.905750274658203, -22.969511032104492, -18.26213836669922, -13.308676719665527, -14.743101119995117, -18.343862533569336, -20.519376754760742, -16.22341537475586, -21.0340518951416, -21.54006576538086, -15.541216850280762, -22.801231384277344, -18.350290298461914, -22.70856475830078, -14.418567657470703, -16.221473693847656, -14.80898666381836, -13.883435249328613, -14.318641662597656, -24.257265090942383, -15.408268928527832, -17.00737762451172, -15.390715599060059, -21.356428146362305, -15.316439628601074, -19.3289737701416, -20.7315616607666, -18.278635025024414, -23.0994930267334, -22.23155975341797, -19.98211669921875, -19.88425064086914, -23.327239990234375, -15.628134727478027, -19.790372848510742, -13.917658805847168, -17.506074905395508, -15.955038070678711, -18.77701187133789, -19.646522521972656, -23.496658325195312, -19.93052101135254], "crit_sampled": [-15.004281997680664, -8.704447746276855, -9.279947280883789, -11.858551025390625, -9.830817222595215, -7.290002822875977, -13.90363597869873, -10.95759105682373, -13.268543243408203, -17.137004852294922, -12.922857284545898, -11.37894344329834, -14.238798141479492, -11.190258026123047, -14.994826316833496, -10.313929557800293, -14.944955825805664, -8.90988826751709, -9.192983627319336, -12.450668334960938, -12.208827018737793, -11.827092170715332, -12.54551887512207, -11.287480354309082, -9.163936614990234, -14.449703216552734, -16.98793601989746, -8.63557243347168, -18.177261352539062, -11.397438049316406, -9.001351356506348, -13.455636978149414, -10.172012329101562, -10.852627754211426, -11.496456146240234, -7.064362049102783, -12.959443092346191, -16.207372665405273, -16.649953842163086, -11.45510482788086, -9.922967910766602, -11.676688194274902, -11.676725387573242, -11.193477630615234, -15.241862297058105, -13.758444786071777, -14.4810209274292, -13.848525047302246, -11.883305549621582, -13.848428726196289, -11.465819358825684, -8.16899299621582, -12.751238822937012, -15.098943710327148, -9.386495590209961, -13.369108200073242, -14.082076072692871, -10.738032341003418, -16.615365982055664, -11.960575103759766, -9.865714073181152, -8.195551872253418, -9.876062393188477, -9.325273513793945, -9.303486824035645, -12.349027633666992, -13.860016822814941, -12.02916145324707, -12.120760917663574, -14.911985397338867, -8.27043342590332, -7.944041728973389, -11.14857292175293, -12.558828353881836, -17.21226692199707, -13.878778457641602, -9.367353439331055, -8.379382133483887, -14.461678504943848, -11.818188667297363, -12.032979011535645, -9.826894760131836, -12.438467025756836, -10.212742805480957, 1.6891933679580688, -8.092434883117676, -14.119351387023926, -12.396344184875488, -15.152671813964844, -11.9685697555542, -4.2859601974487305, -13.420730590820312, -11.106487274169922, -4.954197883605957, -14.844356536865234, -13.459352493286133, -10.568816184997559, -13.611536979675293, -10.168839454650879, -12.409224510192871, -16.32529067993164, -11.792491912841797, -12.38620376586914, -7.54987096786499, -11.930000305175781, -11.037736892700195, -9.17067813873291, -10.910253524780273, -14.082542419433594, -15.529717445373535, -13.199132919311523, -8.70642375946045, -7.038050174713135, -10.773078918457031, -14.705060958862305, -10.884239196777344, -12.522683143615723, -12.652409553527832, -11.18283748626709, -11.227569580078125, -9.790450096130371, -9.958632469177246, -13.670036315917969, -11.561993598937988, -6.479388236999512, -9.595125198364258, -5.863286972045898, -20.62225914001465, -10.925736427307129, -8.53827953338623, -7.47175407409668, -14.763280868530273, -9.3569917678833, -9.854360580444336, -12.276290893554688, -14.458495140075684, -11.769258499145508, -9.583199501037598, -10.595473289489746, -6.380327224731445, -14.991154670715332, -12.202908515930176, -13.470515251159668, -7.862466812133789, -6.020200252532959, -10.572449684143066, -6.006394863128662, -8.660948753356934, -8.724713325500488, -6.911806583404541]}