{"name": "DPO", "val_loss": 0.005899617666554491, "val_ROC_AUC": 0.9508000000000001, "val_PR_AUC": 0.9580720681376937, "val_crit_real_mean": -15.268226356506348, "val_crit_real_std": 2.9652133877076663, "val_crit_sampled_mean": -8.14049447218577, "val_crit_sampled_std": 2.968065588392979, "crit_real": [-16.411121368408203, -11.110169410705566, -17.330402374267578, -17.39276123046875, -19.541669845581055, -15.138681411743164, -15.056425094604492, -11.895284652709961, -12.44186019897461, -10.79819107055664, -20.351734161376953, -16.59187889099121, -12.41673469543457, -15.113754272460938, -17.182531356811523, -14.717976570129395, -13.69099235534668, -20.756589889526367, -15.479252815246582, -11.575368881225586, -12.106711387634277, -12.27945327758789, -13.027042388916016, -14.020431518554688, -18.2773380279541, -13.895429611206055, -19.316781997680664, -12.752154350280762, -15.300979614257812, -13.1959810256958, -16.573740005493164, -20.189815521240234, -20.12453842163086, -15.591490745544434, -13.108207702636719, -9.174839973449707, -10.780834197998047, -16.925168991088867, -17.545578002929688, -12.6666841506958, -10.6561918258667, -12.800614356994629, -14.579983711242676, -19.22608757019043, -16.051454544067383, -18.28765869140625, -16.33175277709961, -13.380815505981445, -13.027186393737793, -18.706100463867188, -14.534186363220215, -16.86064910888672, -15.267545700073242, -19.970779418945312, -14.216333389282227, -22.904157638549805, -20.07731056213379, -18.033105850219727, -14.216630935668945, -13.812410354614258, -12.40437126159668, -16.143247604370117, -14.930909156799316, -15.06054401397705, -20.442874908447266, -17.943538665771484, -17.016664505004883, -13.7738676071167, -12.52295970916748, -16.038021087646484, -15.661328315734863, -17.855449676513672, -15.262261390686035, -13.605889320373535, -18.024093627929688, -15.397195816040039, -13.265134811401367, -13.383553504943848, -16.985624313354492, -15.886378288269043, -22.50554656982422, -11.597914695739746, -22.139802932739258, -16.688831329345703, -10.119039535522461, -16.644725799560547, -13.2776460647583, -14.292732238769531, -18.075523376464844, -10.929089546203613, -18.585729598999023, -14.527472496032715, -14.992680549621582, -18.329620361328125, -15.847197532653809, -11.809847831726074, -13.834647178649902, -17.203304290771484, -14.50656795501709, -13.456199645996094, -10.795661926269531, -18.728307723999023, -14.188773155212402, -16.08263397216797, -17.395233154296875, -14.624130249023438, -14.892565727233887, -12.844819068908691, -16.146392822265625, -14.567317962646484, -15.009057998657227, -19.268918991088867, -8.422008514404297, -20.162153244018555, -16.20050811767578, -10.253639221191406, -17.0425968170166, -16.372690200805664, -19.218006134033203, -13.618904113769531, -15.239737510681152, -16.40022087097168, -19.24341583251953, -10.731715202331543, -19.19305419921875, -18.584054946899414, -14.679160118103027, -13.614620208740234, -15.335094451904297, -11.54997444152832, -13.565848350524902, -13.190174102783203, -10.243694305419922, -15.612785339355469, -14.838786125183105, -18.280248641967773, -13.666953086853027, -14.329410552978516, -18.102001190185547, -12.455907821655273, -15.23249340057373, -21.18742561340332, -14.869418144226074, -10.006417274475098, -13.709033012390137, -9.846769332885742, -12.985607147216797, -15.91092300415039, -16.74948501586914, -9.289641380310059], "crit_sampled": [-7.644532203674316, -6.077556133270264, -6.855241298675537, -8.847513198852539, -8.366601943969727, -7.159131050109863, -10.195093154907227, -9.35488224029541, -5.880715847015381, -5.7620697021484375, -10.935674667358398, -8.692155838012695, -5.275778770446777, -12.806126594543457, -9.199913024902344, -4.800342559814453, -8.273493766784668, -13.273289680480957, -3.5011003017425537, -6.716389179229736, -5.550596237182617, -4.4420599937438965, -8.148550033569336, -15.842439651489258, -6.8153252601623535, -7.4377312660217285, -8.948051452636719, -4.20367431640625, -11.780362129211426, -9.008213996887207, -5.1940412521362305, -10.625529289245605, -14.045853614807129, -7.155099391937256, -8.480347633361816, -6.317054271697998, -7.0760064125061035, -13.914149284362793, -13.887062072753906, -5.600072383880615, -7.330780029296875, -7.372527122497559, -6.939116954803467, -10.414444923400879, -11.504636764526367, -8.827902793884277, -11.568541526794434, -9.254115104675293, -4.98343563079834, -14.222895622253418, -9.678200721740723, -8.205143928527832, -10.109972953796387, -6.5267205238342285, -4.915838718414307, -15.620939254760742, -9.366963386535645, -11.518341064453125, -8.721774101257324, -9.681568145751953, -6.147383213043213, -8.674735069274902, -8.6736478805542, -6.339739799499512, -6.99937629699707, -13.758818626403809, -9.881571769714355, -7.474765777587891, -8.765874862670898, -9.018793106079102, -7.718588829040527, -8.710602760314941, -5.057958126068115, -8.48572063446045, -13.219990730285645, -9.198007583618164, -3.429840087890625, -3.0684633255004883, -6.616430282592773, -9.96068286895752, -6.883067607879639, -3.428692579269409, -14.384354591369629, -9.299509048461914, -3.6824398040771484, -8.456501007080078, -7.366244316101074, -8.002876281738281, -13.994200706481934, -4.829017162322998, -5.361939430236816, -7.795161724090576, -2.7581419944763184, -4.844379901885986, -7.685876369476318, -7.9679718017578125, -5.060204982757568, -8.73615837097168, -2.479109764099121, -9.81517219543457, -5.50531005859375, -14.162691116333008, -4.657883644104004, -7.039887428283691, -4.8997111320495605, -10.796894073486328, -7.434304237365723, -7.270039081573486, -8.074951171875, -7.925681114196777, -9.969286918640137, -12.35374927520752, -2.4882652759552, -10.137736320495605, -7.459418296813965, -4.818800926208496, -12.875762939453125, -8.80322265625, -10.397726058959961, -8.22516918182373, -6.634690761566162, -10.44577407836914, -12.279952049255371, -6.8546905517578125, -7.83936882019043, -12.691783905029297, -9.742836952209473, -8.957365036010742, -11.682355880737305, -5.4630351066589355, -5.988240718841553, -3.974010944366455, -6.440688133239746, -8.393704414367676, -4.887899875640869, -9.91378116607666, -9.156119346618652, -8.24521541595459, -12.314226150512695, -5.9593048095703125, -8.373340606689453, -13.962997436523438, -2.6983118057250977, -5.416350841522217, -3.3997116088867188, -5.561239719390869, -4.250607490539551, -6.687661170959473, -6.061987400054932, -6.614736080169678]}