{"name": "DPO", "val_loss": 0.002772988267327605, "val_ROC_AUC": 0.9907555555555555, "val_PR_AUC": 0.9921197829375862, "val_crit_real_mean": -17.122286542256674, "val_crit_real_std": 3.000631482365907, "val_crit_sampled_mean": -6.744675323963166, "val_crit_sampled_std": 2.7721063099876746, "crit_real": [-15.183259010314941, -19.379859924316406, -21.638959884643555, -18.199447631835938, -17.276866912841797, -15.515087127685547, -16.79155158996582, -16.17896270751953, -19.120397567749023, -20.305870056152344, -15.302703857421875, -15.066311836242676, -17.069093704223633, -20.6431884765625, -16.281068801879883, -14.494946479797363, -19.288007736206055, -15.266669273376465, -21.03107261657715, -16.258071899414062, -19.13388442993164, -13.18690299987793, -10.97791862487793, -19.05071258544922, -14.180227279663086, -23.845842361450195, -19.286165237426758, -14.654597282409668, -15.047588348388672, -13.266770362854004, -18.197715759277344, -9.537627220153809, -22.526247024536133, -16.089797973632812, -19.13060760498047, -18.060075759887695, -18.93808364868164, -12.566832542419434, -19.04183006286621, -20.56533432006836, -14.774575233459473, -17.719993591308594, -13.682478904724121, -11.974308013916016, -15.902050018310547, -17.4183292388916, -10.127829551696777, -17.45012855529785, -16.154430389404297, -18.661415100097656, -12.31307315826416, -19.780414581298828, -14.52590274810791, -13.643962860107422, -15.805767059326172, -18.00411033630371, -19.406755447387695, -13.91673755645752, -20.511932373046875, -11.229705810546875, -14.811239242553711, -15.036486625671387, -20.010766983032227, -20.968711853027344, -17.640005111694336, -17.610078811645508, -19.68952751159668, -14.93212890625, -11.347454071044922, -15.383282661437988, -15.555228233337402, -16.149118423461914, -15.724807739257812, -16.91828727722168, -18.867965698242188, -14.449885368347168, -17.857566833496094, -14.003037452697754, -21.017786026000977, -21.297565460205078, -24.209972381591797, -15.695491790771484, -15.552803039550781, -17.926118850708008, -20.435606002807617, -17.39275360107422, -22.257856369018555, -15.637042045593262, -18.723360061645508, -22.799829483032227, -22.81133270263672, -15.570646286010742, -18.655344009399414, -18.352489471435547, -14.294933319091797, -12.771211624145508, -13.340574264526367, -16.658132553100586, -16.95833396911621, -17.748809814453125, -17.665081024169922, -15.86325454711914, -15.577478408813477, -17.041101455688477, -15.206327438354492, -16.080129623413086, -15.542852401733398, -16.011781692504883, -18.628267288208008, -14.443608283996582, -15.057355880737305, -16.83845329284668, -20.182716369628906, -18.14202880859375, -20.496089935302734, -19.530961990356445, -22.98078727722168, -15.45330810546875, -18.334362030029297, -12.314608573913574, -19.066816329956055, -12.657160758972168, -17.85357093811035, -22.584230422973633, -14.67867374420166, -23.254213333129883, -23.133678436279297, -16.58875846862793, -13.082743644714355, -21.6405029296875, -12.617010116577148, -13.566904067993164, -20.413307189941406, -16.60000991821289, -17.89600372314453, -15.476736068725586, -21.337722778320312, -17.78842544555664, -18.87310218811035, -15.980355262756348, -21.2537841796875, -13.923933982849121, -17.901042938232422, -15.806758880615234, -20.89761734008789, -18.770898818969727, -15.429052352905273, -14.972805976867676, -17.508865356445312, -17.75411033630371], "crit_sampled": [-5.606308937072754, -8.25891399383545, -14.261956214904785, -3.8447673320770264, -4.7774858474731445, -6.340039253234863, -6.940093994140625, -7.81727933883667, -3.730719804763794, -8.95713996887207, -5.93168830871582, -4.405239105224609, -11.627838134765625, -11.804034233093262, -4.102606296539307, -5.104794025421143, -5.074459552764893, -7.708649158477783, -3.520695209503174, -4.11400842666626, -3.45888352394104, -2.363309860229492, -4.89811897277832, -11.661933898925781, -4.126486778259277, -10.383955955505371, -10.28530502319336, -3.772108554840088, -10.04084300994873, -7.55220365524292, -4.966290473937988, -4.557550430297852, -4.305366516113281, -7.337063312530518, -8.94903564453125, -4.977035999298096, -10.231181144714355, -1.873416781425476, -10.514618873596191, -7.241729259490967, -8.142909049987793, -9.555685997009277, -4.729081153869629, -5.84577751159668, -7.670071601867676, -9.44929027557373, -5.235748767852783, -4.439585208892822, -3.7050368785858154, -9.871199607849121, -4.148937225341797, -4.914441108703613, -10.748251914978027, -6.29876708984375, -4.427220821380615, -12.357100486755371, -6.456739902496338, -7.426844596862793, -7.25916862487793, -6.453394412994385, -7.083006381988525, -2.870769739151001, -6.339053630828857, -7.614032745361328, -5.201639652252197, -14.229534149169922, -5.284740447998047, -4.063486576080322, -8.01671314239502, -7.802519798278809, -4.190130710601807, -3.2440226078033447, -3.6474359035491943, -4.439183235168457, -6.982814788818359, -7.819921493530273, -3.467024803161621, -4.596702575683594, -8.793368339538574, -10.948145866394043, -17.246627807617188, -5.873777389526367, -7.492112636566162, -11.529300689697266, -7.732119083404541, -7.662234783172607, -12.455238342285156, -6.7094621658325195, -8.25959300994873, -6.72678279876709, -6.055598258972168, -6.896596908569336, -2.4479048252105713, -6.0221757888793945, -7.518405437469482, -3.9970035552978516, -3.6613357067108154, -5.760951519012451, -4.014753818511963, -8.731331825256348, -8.99941635131836, -9.771589279174805, -3.2839016914367676, -5.409372806549072, -6.6632537841796875, -5.396326065063477, -6.071863651275635, -5.650693893432617, -3.7927262783050537, -6.19820499420166, -3.9304609298706055, -2.9451539516448975, -6.1419525146484375, -12.46423625946045, -10.539306640625, -5.583703517913818, -9.085704803466797, -3.934122085571289, -6.133866310119629, -5.042318344116211, -5.933191776275635, -6.688657283782959, -8.633461952209473, -2.839647054672241, -6.979710102081299, -3.8161425590515137, -8.77884292602539, -9.018779754638672, -5.687366008758545, -6.968297004699707, -4.407922744750977, -3.4255075454711914, -7.642230987548828, -8.894638061523438, -8.23572826385498, -4.802338123321533, -5.665186405181885, -7.6548895835876465, -6.344455718994141, -8.372014999389648, -13.598676681518555, -7.793824672698975, -9.485953330993652, -5.205820560455322, -5.151086330413818, -12.167975425720215, -4.1445631980896, -4.881211280822754, -5.10250186920166, -6.354542255401611]}