{"name": "DPO", "val_loss": 0.0013821548072302484, "val_ROC_AUC": 0.9884444444444443, "val_PR_AUC": 0.9895413027927408, "val_crit_real_mean": -19.077691300710043, "val_crit_real_std": 2.9471476273710686, "val_crit_sampled_mean": -9.987695282697677, "val_crit_sampled_std": 2.9044755592911375, "crit_real": [-21.743118286132812, -22.10037612915039, -12.608307838439941, -19.740415573120117, -17.203407287597656, -17.236797332763672, -20.248638153076172, -14.622587203979492, -17.713706970214844, -21.44066619873047, -21.30611801147461, -19.560752868652344, -18.223894119262695, -19.01112174987793, -22.80373191833496, -20.458301544189453, -17.867883682250977, -13.838994979858398, -20.26276397705078, -20.44239616394043, -20.780235290527344, -19.6744384765625, -19.74045753479004, -18.61865234375, -20.315250396728516, -17.69603157043457, -22.36304473876953, -13.706294059753418, -22.197710037231445, -22.851520538330078, -18.673505783081055, -19.397912979125977, -21.941692352294922, -23.93796730041504, -19.13705825805664, -15.214092254638672, -24.21346664428711, -20.591650009155273, -19.46009063720703, -19.739044189453125, -14.824426651000977, -17.017587661743164, -23.15433692932129, -17.917177200317383, -23.2539119720459, -19.84968376159668, -20.514772415161133, -20.65471839904785, -21.309749603271484, -16.845355987548828, -17.729402542114258, -17.950719833374023, -21.992660522460938, -17.379432678222656, -18.17019271850586, -21.164602279663086, -20.341663360595703, -15.179216384887695, -22.749849319458008, -21.89082908630371, -18.886240005493164, -15.10306167602539, -15.69999885559082, -18.283065795898438, -19.401845932006836, -20.78623390197754, -18.055944442749023, -21.91558074951172, -22.930133819580078, -23.40656089782715, -18.7696533203125, -17.622758865356445, -22.14903450012207, -20.780563354492188, -21.525156021118164, -17.94925880432129, -21.588397979736328, -14.34385871887207, -18.522226333618164, -16.03717041015625, -21.666072845458984, -18.251556396484375, -22.334840774536133, -18.120853424072266, -14.200837135314941, -15.888165473937988, -20.755916595458984, -16.36315155029297, -19.879762649536133, -19.005996704101562, -14.04390811920166, -21.176212310791016, -17.569265365600586, -13.971174240112305, -19.034963607788086, -19.019189834594727, -13.789928436279297, -25.827009201049805, -18.460073471069336, -18.37688636779785, -23.454784393310547, -17.055288314819336, -18.084468841552734, -15.859395980834961, -26.380937576293945, -19.530317306518555, -17.40241050720215, -24.668521881103516, -18.905750274658203, -22.969511032104492, -18.26213836669922, -13.308676719665527, -14.743101119995117, -18.343862533569336, -20.519376754760742, -16.22341537475586, -21.0340518951416, -21.54006576538086, -15.541216850280762, -22.801231384277344, -18.350290298461914, -22.70856475830078, -14.418567657470703, -16.221473693847656, -14.80898666381836, -13.883435249328613, -14.318641662597656, -24.257265090942383, -15.408268928527832, -17.00737762451172, -15.390715599060059, -21.356428146362305, -15.316439628601074, -19.3289737701416, -20.7315616607666, -18.278635025024414, -23.0994930267334, -22.23155975341797, -19.98211669921875, -19.88425064086914, -23.327239990234375, -15.628134727478027, -19.790372848510742, -13.917658805847168, -17.506074905395508, -15.955038070678711, -18.77701187133789, -19.646522521972656, -23.496658325195312, -19.93052101135254], "crit_sampled": [-14.922429084777832, -12.100939750671387, -7.799171447753906, -12.896852493286133, -9.561600685119629, -10.48183536529541, -10.097929954528809, -6.795823574066162, -12.57440185546875, -2.192553997039795, -11.046841621398926, -9.050515174865723, -10.8770751953125, -8.32341480255127, -10.161518096923828, -0.5131681561470032, -10.969270706176758, -7.380080223083496, -8.261917114257812, -7.507423400878906, -6.613381862640381, -10.990036964416504, -10.769123077392578, -10.891068458557129, -10.055401802062988, -13.052128791809082, -14.718929290771484, -6.365201950073242, -15.683452606201172, -10.991952896118164, -6.1855854988098145, -9.907706260681152, -14.11963176727295, -7.80658483505249, -9.256715774536133, -5.798290729522705, -12.841297149658203, -15.500137329101562, -11.99441146850586, -7.626692771911621, -10.924239158630371, -12.222015380859375, -8.155908584594727, -13.401040077209473, -11.93780517578125, -11.652259826660156, -14.532228469848633, -12.432180404663086, -11.26209831237793, -15.517830848693848, -12.385465621948242, -7.669814109802246, -13.602458000183105, -9.762927055358887, -8.49991226196289, -9.997980117797852, -10.122766494750977, -10.78671646118164, -11.895575523376465, -9.613802909851074, -13.885499954223633, -4.890416145324707, -7.866454124450684, -6.442591190338135, -7.9576287269592285, -14.71469783782959, -11.520115852355957, -10.482685089111328, -11.80998420715332, -13.771113395690918, -10.046988487243652, -5.390024185180664, -9.438098907470703, -9.429947853088379, -12.562882423400879, -11.18675422668457, -9.481867790222168, -5.246278285980225, -7.624642372131348, -12.720738410949707, -12.26778793334961, -7.854393482208252, -12.971532821655273, -10.749591827392578, -8.361745834350586, -5.841638088226318, -8.749835968017578, -12.334226608276367, -10.626529693603516, -10.793107986450195, -4.699049949645996, -10.19709587097168, -7.3756937980651855, -8.092809677124023, -11.711702346801758, -12.328276634216309, -7.760381698608398, -14.947325706481934, -8.396414756774902, -9.644536018371582, -11.689186096191406, -11.44196605682373, -11.748224258422852, -5.619161128997803, -9.302535057067871, -8.94747257232666, -10.365534782409668, -14.645146369934082, -13.493465423583984, -11.011334419250488, -7.270190238952637, -6.623566627502441, -5.854922294616699, -11.566544532775879, -12.343696594238281, -8.517544746398926, -15.03702163696289, -12.333699226379395, -11.016877174377441, -9.620391845703125, -9.271697044372559, -12.316201210021973, -12.434272766113281, -4.880298137664795, -5.765398979187012, -7.71181583404541, -6.506438255310059, -17.993587493896484, -9.363842964172363, -8.736618041992188, -10.283621788024902, -7.855218887329102, -9.67503833770752, -10.747114181518555, -10.879846572875977, -12.327202796936035, -10.678807258605957, -7.947347164154053, -10.137269020080566, -7.102261543273926, -13.771002769470215, -12.389187812805176, -11.580099105834961, -8.141358375549316, -4.037322998046875, -7.764316558837891, -6.605813503265381, -5.2761969566345215, -6.062592506408691, -8.233417510986328]}