{"name": "DPO", "val_loss": 0.6931471824645996, "val_ROC_AUC": 0.6008444444444443, "val_PR_AUC": 0.6604076488238388, "val_crit_real_mean": 0.326283827966569, "val_crit_real_std": 1.5064000977361096, "val_crit_sampled_mean": 0.9580586632682632, "val_crit_sampled_std": 2.2042557922739814}