{"name": "DPO", "val_loss": 0.6931471824645996, "val_ROC_AUC": 0.7277777777777776, "val_PR_AUC": 0.7855871248734602, "val_crit_real_mean": 2.492600364089012, "val_crit_real_std": 1.879542246977478, "val_crit_sampled_mean": 4.314495568281661, "val_crit_sampled_std": 2.5838119094787264}