{"name": "DPO", "val_loss": 0.024633384471950043, "val_ROC_AUC": 0.8828444444444444, "val_PR_AUC": 0.8972715701564768, "val_crit_real_mean": -17.122286542256674, "val_crit_real_std": 3.000631482365907, "val_crit_sampled_mean": -11.820740483601888, "val_crit_sampled_std": 3.2389220172780098}