{"name": "DPO", "val_loss": 0.02574109309312694, "val_ROC_AUC": 0.9160888888888888, "val_PR_AUC": 0.926966021478286, "val_crit_real_mean": -15.268226356506348, "val_crit_real_std": 2.9652133877076663, "val_crit_sampled_mean": -8.95848281527559, "val_crit_sampled_std": 3.3357799862121307, "crit_real": [-16.411121368408203, -11.110169410705566, -17.330402374267578, -17.39276123046875, -19.541669845581055, -15.138681411743164, -15.056425094604492, -11.895284652709961, -12.44186019897461, -10.79819107055664, -20.351734161376953, -16.59187889099121, -12.41673469543457, -15.113754272460938, -17.182531356811523, -14.717976570129395, -13.69099235534668, -20.756589889526367, -15.479252815246582, -11.575368881225586, -12.106711387634277, -12.27945327758789, -13.027042388916016, -14.020431518554688, -18.2773380279541, -13.895429611206055, -19.316781997680664, -12.752154350280762, -15.300979614257812, -13.1959810256958, -16.573740005493164, -20.189815521240234, -20.12453842163086, -15.591490745544434, -13.108207702636719, -9.174839973449707, -10.780834197998047, -16.925168991088867, -17.545578002929688, -12.6666841506958, -10.6561918258667, -12.800614356994629, -14.579983711242676, -19.22608757019043, -16.051454544067383, -18.28765869140625, -16.33175277709961, -13.380815505981445, -13.027186393737793, -18.706100463867188, -14.534186363220215, -16.86064910888672, -15.267545700073242, -19.970779418945312, -14.216333389282227, -22.904157638549805, -20.07731056213379, -18.033105850219727, -14.216630935668945, -13.812410354614258, -12.40437126159668, -16.143247604370117, -14.930909156799316, -15.06054401397705, -20.442874908447266, -17.943538665771484, -17.016664505004883, -13.7738676071167, -12.52295970916748, -16.038021087646484, -15.661328315734863, -17.855449676513672, -15.262261390686035, -13.605889320373535, -18.024093627929688, -15.397195816040039, -13.265134811401367, -13.383553504943848, -16.985624313354492, -15.886378288269043, -22.50554656982422, -11.597914695739746, -22.139802932739258, -16.688831329345703, -10.119039535522461, -16.644725799560547, -13.2776460647583, -14.292732238769531, -18.075523376464844, -10.929089546203613, -18.585729598999023, -14.527472496032715, -14.992680549621582, -18.329620361328125, -15.847197532653809, -11.809847831726074, -13.834647178649902, -17.203304290771484, -14.50656795501709, -13.456199645996094, -10.795661926269531, -18.728307723999023, -14.188773155212402, -16.08263397216797, -17.395233154296875, -14.624130249023438, -14.892565727233887, -12.844819068908691, -16.146392822265625, -14.567317962646484, -15.009057998657227, -19.268918991088867, -8.422008514404297, -20.162153244018555, -16.20050811767578, -10.253639221191406, -17.0425968170166, -16.372690200805664, -19.218006134033203, -13.618904113769531, -15.239737510681152, -16.40022087097168, -19.24341583251953, -10.731715202331543, -19.19305419921875, -18.584054946899414, -14.679160118103027, -13.614620208740234, -15.335094451904297, -11.54997444152832, -13.565848350524902, -13.190174102783203, -10.243694305419922, -15.612785339355469, -14.838786125183105, -18.280248641967773, -13.666953086853027, -14.329410552978516, -18.102001190185547, -12.455907821655273, -15.23249340057373, -21.18742561340332, -14.869418144226074, -10.006417274475098, -13.709033012390137, -9.846769332885742, -12.985607147216797, -15.91092300415039, -16.74948501586914, -9.289641380310059], "crit_sampled": [-12.591334342956543, -5.148365497589111, -6.83232307434082, -6.649665355682373, -8.863020896911621, -11.023223876953125, -10.875791549682617, -5.169286251068115, -5.178075790405273, -7.547856330871582, -9.645440101623535, -5.642995834350586, -6.503367900848389, -11.368340492248535, -11.768665313720703, 0.0914628729224205, -5.7686357498168945, -14.884574890136719, -6.442610740661621, -6.399775505065918, -5.672145366668701, -4.461366176605225, -11.296537399291992, -11.382213592529297, -10.259382247924805, -11.510369300842285, -12.179563522338867, -8.127901077270508, -12.28551197052002, -13.662110328674316, -6.360064506530762, -12.026841163635254, -18.15718650817871, -6.220760345458984, -4.640583038330078, -7.668487548828125, -12.543097496032715, -13.152193069458008, -15.686991691589355, -7.403392314910889, -8.739882469177246, -7.414295196533203, -6.2826972007751465, -10.671634674072266, -12.666583061218262, -9.047294616699219, -11.411637306213379, -9.547673225402832, -7.141412258148193, -13.720390319824219, -7.842857837677002, -10.254631996154785, -12.66849136352539, -13.30728530883789, -8.810465812683105, -15.818511962890625, -8.861297607421875, -13.63957405090332, -11.151994705200195, -10.690999984741211, -9.817170143127441, -5.33510684967041, -9.886037826538086, -6.882772445678711, -12.03499984741211, -11.273024559020996, -5.626457214355469, -5.4773454666137695, -8.433035850524902, -12.227005958557129, -7.9653425216674805, -5.5809407234191895, -10.184367179870605, -7.061627388000488, -15.284777641296387, -11.221013069152832, -9.7703275680542, -4.630090236663818, -10.3446626663208, -13.459546089172363, -16.746356964111328, -3.609511375427246, -9.33522891998291, -12.147591590881348, -3.867335557937622, -16.053552627563477, -8.016410827636719, -7.924991130828857, -13.272233009338379, -6.665615558624268, -5.686009883880615, -6.781104564666748, -11.532695770263672, -5.532345771789551, -9.10998249053955, -7.335559368133545, -6.441415786743164, -6.885213375091553, -7.170514106750488, -7.526688098907471, -9.948943138122559, -15.765525817871094, -9.909370422363281, -6.7856974601745605, -8.924915313720703, -12.951017379760742, -7.545483589172363, -3.907613754272461, -7.266818523406982, -4.7030205726623535, -9.384987831115723, -7.433399200439453, -5.467532634735107, -11.766541481018066, -8.56917953491211, -2.048013210296631, -12.815533638000488, -10.59916877746582, -10.415968894958496, -8.82199764251709, -4.084710597991943, -12.513851165771484, -9.26386547088623, -5.985713005065918, -5.612713813781738, -14.581218719482422, -5.040764808654785, -7.881562232971191, -11.483530044555664, -6.35880708694458, -5.773143291473389, -7.138598442077637, -11.562030792236328, -5.432567596435547, -7.467984676361084, -13.460586547851562, -7.440904140472412, -7.05659818649292, -11.01662540435791, -6.668174743652344, -12.218890190124512, -13.437395095825195, -5.347618103027344, -6.3265380859375, -5.242063999176025, -6.313701152801514, -5.634152412414551, -4.2262983322143555, -12.0295991897583, -5.407281875610352]}