{"name": "DPO", "val_loss": 0.0072529347220162774, "val_ROC_AUC": 0.9795555555555555, "val_PR_AUC": 0.9830549259005342, "val_crit_real_mean": -17.122286542256674, "val_crit_real_std": 3.000631482365907, "val_crit_sampled_mean": -7.356411278148492, "val_crit_sampled_std": 3.365729373794977, "crit_real": [-15.183259010314941, -19.379859924316406, -21.638959884643555, -18.199447631835938, -17.276866912841797, -15.515087127685547, -16.79155158996582, -16.17896270751953, -19.120397567749023, -20.305870056152344, -15.302703857421875, -15.066311836242676, -17.069093704223633, -20.6431884765625, -16.281068801879883, -14.494946479797363, -19.288007736206055, -15.266669273376465, -21.03107261657715, -16.258071899414062, -19.13388442993164, -13.18690299987793, -10.97791862487793, -19.05071258544922, -14.180227279663086, -23.845842361450195, -19.286165237426758, -14.654597282409668, -15.047588348388672, -13.266770362854004, -18.197715759277344, -9.537627220153809, -22.526247024536133, -16.089797973632812, -19.13060760498047, -18.060075759887695, -18.93808364868164, -12.566832542419434, -19.04183006286621, -20.56533432006836, -14.774575233459473, -17.719993591308594, -13.682478904724121, -11.974308013916016, -15.902050018310547, -17.4183292388916, -10.127829551696777, -17.45012855529785, -16.154430389404297, -18.661415100097656, -12.31307315826416, -19.780414581298828, -14.52590274810791, -13.643962860107422, -15.805767059326172, -18.00411033630371, -19.406755447387695, -13.91673755645752, -20.511932373046875, -11.229705810546875, -14.811239242553711, -15.036486625671387, -20.010766983032227, -20.968711853027344, -17.640005111694336, -17.610078811645508, -19.68952751159668, -14.93212890625, -11.347454071044922, -15.383282661437988, -15.555228233337402, -16.149118423461914, -15.724807739257812, -16.91828727722168, -18.867965698242188, -14.449885368347168, -17.857566833496094, -14.003037452697754, -21.017786026000977, -21.297565460205078, -24.209972381591797, -15.695491790771484, -15.552803039550781, -17.926118850708008, -20.435606002807617, -17.39275360107422, -22.257856369018555, -15.637042045593262, -18.723360061645508, -22.799829483032227, -22.81133270263672, -15.570646286010742, -18.655344009399414, -18.352489471435547, -14.294933319091797, -12.771211624145508, -13.340574264526367, -16.658132553100586, -16.95833396911621, -17.748809814453125, -17.665081024169922, -15.86325454711914, -15.577478408813477, -17.041101455688477, -15.206327438354492, -16.080129623413086, -15.542852401733398, -16.011781692504883, -18.628267288208008, -14.443608283996582, -15.057355880737305, -16.83845329284668, -20.182716369628906, -18.14202880859375, -20.496089935302734, -19.530961990356445, -22.98078727722168, -15.45330810546875, -18.334362030029297, -12.314608573913574, -19.066816329956055, -12.657160758972168, -17.85357093811035, -22.584230422973633, -14.67867374420166, -23.254213333129883, -23.133678436279297, -16.58875846862793, -13.082743644714355, -21.6405029296875, -12.617010116577148, -13.566904067993164, -20.413307189941406, -16.60000991821289, -17.89600372314453, -15.476736068725586, -21.337722778320312, -17.78842544555664, -18.87310218811035, -15.980355262756348, -21.2537841796875, -13.923933982849121, -17.901042938232422, -15.806758880615234, -20.89761734008789, -18.770898818969727, -15.429052352905273, -14.972805976867676, -17.508865356445312, -17.75411033630371], "crit_sampled": [-8.949810028076172, -10.225183486938477, -13.804975509643555, -2.869025945663452, -4.220639705657959, -4.881640434265137, -13.812071800231934, -8.56889820098877, -5.287475109100342, -1.3279054164886475, -6.72003698348999, -8.170716285705566, -11.479096412658691, -10.391029357910156, -4.246817111968994, -1.9713549613952637, -5.653309345245361, -5.182166576385498, -5.217693328857422, -6.010289192199707, -3.5196638107299805, -5.139986991882324, -3.6438369750976562, -7.675441265106201, -4.752514362335205, -9.012429237365723, -9.451289176940918, -6.3182148933410645, -11.678532600402832, -6.997921943664551, -7.993912696838379, -6.848118782043457, -6.499562740325928, -5.460152626037598, -10.935826301574707, -13.86043643951416, -5.554244041442871, -3.5399961471557617, -12.595611572265625, -7.270096302032471, -8.096713066101074, -16.17962646484375, -7.951473236083984, -5.443650245666504, -10.28120231628418, -12.399022102355957, -1.6569050550460815, -6.8202972412109375, -4.9046525955200195, -12.860218048095703, -5.540102481842041, -5.055656909942627, -7.717628479003906, -1.9917773008346558, -6.726216793060303, -10.290657997131348, -7.368448257446289, -6.877100467681885, -12.082160949707031, -4.171470642089844, -5.7012434005737305, -3.9125242233276367, -11.683506965637207, -7.637919902801514, -4.098724365234375, -9.66267204284668, -1.4957841634750366, -6.3536224365234375, -8.142383575439453, -8.324624061584473, -3.328923463821411, -8.984410285949707, -4.847179412841797, -2.2639431953430176, -7.343654632568359, -5.454163551330566, -8.04698371887207, -6.791130542755127, -3.92474365234375, -11.446245193481445, -18.441884994506836, -7.366987705230713, -2.706606864929199, -13.439493179321289, -2.6607608795166016, -10.71081256866455, -7.889064788818359, -9.305344581604004, -9.746360778808594, -14.285621643066406, -4.978705883026123, -5.681124687194824, -0.24666158854961395, -7.741103172302246, -6.209027290344238, -6.403318405151367, -4.774082183837891, -6.279563903808594, -5.9287261962890625, -9.941091537475586, -11.345621109008789, -11.938486099243164, -10.177695274353027, -4.392003059387207, -7.136941432952881, -4.160317897796631, -6.961820602416992, -8.536559104919434, -10.056065559387207, -4.86975622177124, -7.3990254402160645, -3.8770999908447266, -6.210251808166504, -8.822273254394531, -8.99072265625, -7.292539596557617, -11.231929779052734, -0.7100245356559753, -8.601753234863281, -7.857664108276367, -4.5737738609313965, -10.276219367980957, -6.933907985687256, -2.5133156776428223, -3.4959535598754883, -9.464151382446289, -6.502403259277344, -13.931038856506348, -8.290596961975098, -9.925816535949707, -4.60163688659668, -4.23520565032959, -6.0506911277771, -7.690032005310059, -8.286604881286621, -6.397828578948975, -15.555296897888184, -7.198891639709473, -8.581185340881348, -5.676088809967041, -15.030817031860352, -7.15794563293457, -9.894247055053711, -8.757160186767578, -3.8466103076934814, -6.773608684539795, -1.6078954935073853, -10.600476264953613, -7.336919784545898, -5.373190879821777]}