{"name": "DPO", "val_loss": 0.001999459085898826, "val_ROC_AUC": 0.9763555555555554, "val_PR_AUC": 0.9787868189414614, "val_crit_real_mean": -19.077691300710043, "val_crit_real_std": 2.9471476273710686, "val_crit_sampled_mean": -10.386624249617258, "val_crit_sampled_std": 3.438502280841688, "crit_real": [-21.743118286132812, -22.10037612915039, -12.608307838439941, -19.740415573120117, -17.203407287597656, -17.236797332763672, -20.248638153076172, -14.622587203979492, -17.713706970214844, -21.44066619873047, -21.30611801147461, -19.560752868652344, -18.223894119262695, -19.01112174987793, -22.80373191833496, -20.458301544189453, -17.867883682250977, -13.838994979858398, -20.26276397705078, -20.44239616394043, -20.780235290527344, -19.6744384765625, -19.74045753479004, -18.61865234375, -20.315250396728516, -17.69603157043457, -22.36304473876953, -13.706294059753418, -22.197710037231445, -22.851520538330078, -18.673505783081055, -19.397912979125977, -21.941692352294922, -23.93796730041504, -19.13705825805664, -15.214092254638672, -24.21346664428711, -20.591650009155273, -19.46009063720703, -19.739044189453125, -14.824426651000977, -17.017587661743164, -23.15433692932129, -17.917177200317383, -23.2539119720459, -19.84968376159668, -20.514772415161133, -20.65471839904785, -21.309749603271484, -16.845355987548828, -17.729402542114258, -17.950719833374023, -21.992660522460938, -17.379432678222656, -18.17019271850586, -21.164602279663086, -20.341663360595703, -15.179216384887695, -22.749849319458008, -21.89082908630371, -18.886240005493164, -15.10306167602539, -15.69999885559082, -18.283065795898438, -19.401845932006836, -20.78623390197754, -18.055944442749023, -21.91558074951172, -22.930133819580078, -23.40656089782715, -18.7696533203125, -17.622758865356445, -22.14903450012207, -20.780563354492188, -21.525156021118164, -17.94925880432129, -21.588397979736328, -14.34385871887207, -18.522226333618164, -16.03717041015625, -21.666072845458984, -18.251556396484375, -22.334840774536133, -18.120853424072266, -14.200837135314941, -15.888165473937988, -20.755916595458984, -16.36315155029297, -19.879762649536133, -19.005996704101562, -14.04390811920166, -21.176212310791016, -17.569265365600586, -13.971174240112305, -19.034963607788086, -19.019189834594727, -13.789928436279297, -25.827009201049805, -18.460073471069336, -18.37688636779785, -23.454784393310547, -17.055288314819336, -18.084468841552734, -15.859395980834961, -26.380937576293945, -19.530317306518555, -17.40241050720215, -24.668521881103516, -18.905750274658203, -22.969511032104492, -18.26213836669922, -13.308676719665527, -14.743101119995117, -18.343862533569336, -20.519376754760742, -16.22341537475586, -21.0340518951416, -21.54006576538086, -15.541216850280762, -22.801231384277344, -18.350290298461914, -22.70856475830078, -14.418567657470703, -16.221473693847656, -14.80898666381836, -13.883435249328613, -14.318641662597656, -24.257265090942383, -15.408268928527832, -17.00737762451172, -15.390715599060059, -21.356428146362305, -15.316439628601074, -19.3289737701416, -20.7315616607666, -18.278635025024414, -23.0994930267334, -22.23155975341797, -19.98211669921875, -19.88425064086914, -23.327239990234375, -15.628134727478027, -19.790372848510742, -13.917658805847168, -17.506074905395508, -15.955038070678711, -18.77701187133789, -19.646522521972656, -23.496658325195312, -19.93052101135254], "crit_sampled": [-13.144365310668945, -10.765226364135742, -9.064090728759766, -7.537232875823975, -8.530059814453125, -7.001290798187256, -13.854817390441895, -9.33121109008789, -11.718585968017578, -13.80883502960205, -9.501835823059082, -9.845343589782715, -11.413036346435547, -13.445059776306152, -14.806498527526855, -8.025910377502441, -9.375346183776855, -8.345379829406738, -5.198528289794922, -13.574177742004395, -6.917262077331543, -7.4719977378845215, -9.086061477661133, -10.896753311157227, -8.632523536682129, -12.978979110717773, -17.488428115844727, -7.918964862823486, -14.634481430053711, -13.06234073638916, -6.4632415771484375, -12.001712799072266, -10.368919372558594, -5.155771732330322, -5.090299606323242, -8.260141372680664, -18.004619598388672, -15.13210391998291, -15.185324668884277, -7.760464191436768, -11.18950366973877, -9.090575218200684, -8.546417236328125, -12.344269752502441, -5.731895446777344, -7.186877250671387, -11.982403755187988, -14.573808670043945, -12.37966251373291, -13.83757209777832, -11.829764366149902, -6.462967872619629, -12.25813102722168, -13.778800010681152, -10.894722938537598, -9.714831352233887, -9.57620906829834, -12.064445495605469, -14.631664276123047, -13.347831726074219, -8.380851745605469, -3.4251275062561035, -12.447416305541992, -7.385027885437012, -9.869027137756348, -11.3907470703125, -11.191060066223145, -9.018011093139648, -17.043432235717773, -17.02605438232422, -8.440760612487793, -11.117424964904785, -9.389541625976562, -12.649863243103027, -16.59769058227539, -13.294803619384766, -9.87681770324707, -7.068117141723633, -8.394793510437012, -12.283522605895996, -15.027007102966309, -8.49219799041748, -12.361197471618652, -10.708577156066895, 1.8694626092910767, -9.84965705871582, -10.540226936340332, -11.71462345123291, -15.971917152404785, -11.116437911987305, -5.9878435134887695, -10.762664794921875, -5.7750701904296875, -4.699954509735107, -9.132020950317383, -14.2894926071167, -9.2105131149292, -12.818785667419434, -13.064651489257812, -12.565417289733887, -10.932435989379883, -8.655704498291016, -14.0494384765625, -10.026178359985352, -8.91181468963623, -6.347866058349609, -3.221184730529785, -9.342765808105469, -12.00536060333252, -8.284878730773926, -10.98232364654541, -13.160914421081543, -5.469544410705566, -11.185617446899414, -15.550766944885254, -6.203991889953613, -11.535399436950684, -11.82525634765625, -10.165419578552246, -10.789100646972656, -6.107792377471924, -13.693283081054688, -11.111014366149902, -9.858242988586426, -6.602563858032227, -8.33111572265625, -6.391589164733887, -17.510631561279297, -11.036139488220215, -5.906515598297119, -8.466769218444824, -9.835758209228516, -10.263830184936523, -13.48614501953125, -6.666715621948242, -12.311025619506836, -13.654080390930176, -16.236679077148438, -11.758475303649902, -4.921890735626221, -12.855328559875488, -14.717926025390625, -15.914090156555176, -7.6418280601501465, -2.7523629665374756, -4.79026985168457, -11.545120239257812, -2.5318405628204346, -10.293631553649902, -11.426557540893555]}