{"name": "SPO", "val_loss": 0.6931471824645996, "val_ROC_AUC": 0.7816, "val_PR_AUC": 0.8109941586369744, "val_crit_real_mean": -0.320237958120803, "val_crit_real_std": 1.0319109339088632, "val_crit_sampled_mean": 0.9842215877523025, "val_crit_sampled_std": 1.2731034445690899, "crit_real": [0.05245157331228256, -0.8300074934959412, 0.3741828501224518, -0.4079000651836395, -0.6130243539810181, -1.5273854732513428, 0.39886730909347534, -0.5694798231124878, -2.0434062480926514, 0.32918307185173035, -1.9945303201675415, 0.8838891983032227, -0.8472550511360168, -0.38067638874053955, -0.853672206401825, -0.09876557439565659, 0.04229610040783882, 1.5013610124588013, -0.519074559211731, 0.21251033246517181, 0.2133568972349167, -1.2408427000045776, 0.1356484293937683, -2.069735288619995, 2.0092287063598633, 0.8941594362258911, -0.6095486879348755, -1.9078819751739502, -1.6182303428649902, -0.6984624862670898, 0.7039512395858765, -0.5818259119987488, 0.39687830209732056, 1.1262627840042114, 0.3381873071193695, 0.8088275790214539, -0.8567495942115784, -2.7501182556152344, 0.5563144683837891, -0.4944365918636322, -0.4282512664794922, -0.5922542810440063, -0.8432657718658447, 0.7122673392295837, 0.17966428399085999, 0.38171276450157166, 1.3085254430770874, 0.9137941002845764, -0.8299972414970398, -0.5004913210868835, -0.11258368194103241, 0.8174213171005249, 1.1557493209838867, -0.9691411256790161, -1.1897084712982178, -2.0485589504241943, -0.17257621884346008, -0.6631774306297302, -0.5497592091560364, -1.159274697303772, -1.9178920984268188, -1.773561716079712, -0.011129248887300491, 0.08295802772045135, -0.8469499349594116, -0.26000529527664185, -0.9322460293769836, 1.3083423376083374, -0.17144842445850372, 0.36417052149772644, -2.0966796875, -0.6789013147354126, -0.571104109287262, 1.8383409976959229, -1.6635169982910156, -1.6632004976272583, -0.7423077821731567, 0.3150554597377777, -0.9261840581893921, -1.587981939315796, -1.3767468929290771, -0.06267720460891724, -1.0199460983276367, -1.6883702278137207, -0.7078709006309509, -0.8330233693122864, -0.8025193810462952, -2.518524646759033, 1.3472753763198853, 0.8111363053321838, -1.112701416015625, 0.2565425932407379, -1.1235487461090088, -0.03645661845803261, -0.10669534653425217, 1.3707739114761353, -1.10161554813385, -0.8964434266090393, 0.2567741572856903, -0.5103678107261658, -2.0997345447540283, 1.115352988243103, -1.0645653009414673, -0.03827860951423645, 0.9727907180786133, -0.13442440330982208, 1.5948779582977295, 0.6081615686416626, 0.5193933248519897, -2.6063075065612793, 0.2446637600660324, -1.1345402002334595, 0.29886770248413086, 1.5707814693450928, -2.3372642993927, 0.6560969948768616, -0.031087199226021767, -2.3596973419189453, -0.2891809940338135, -3.0903849601745605, -0.23180899024009705, 1.11714506149292, 1.1205220222473145, 0.5272319316864014, 0.3717571794986725, -0.9239648580551147, 0.8978416323661804, -0.5835604071617126, 0.3438156545162201, 0.12397633492946625, -0.47328266501426697, -0.9888195395469666, 0.01518423855304718, -0.2669048309326172, 0.3365713655948639, 0.9609933495521545, -0.26615768671035767, -1.0636990070343018, -1.2101706266403198, -0.6513673067092896, -0.2697364091873169, 0.12242544442415237, -0.5254644155502319, 0.6735139489173889, 1.1001648902893066, -0.7078251242637634, -0.36378103494644165, -1.8661770820617676, 0.36999982595443726, 0.7949672341346741], "crit_sampled": [-0.38393500447273254, 0.268373042345047, 0.1158909797668457, -2.2597553730010986, 1.4034281969070435, 1.8653420209884644, 0.5131815075874329, -1.2337263822555542, 0.5709009170532227, 2.4916322231292725, -0.5554267168045044, 0.14178870618343353, 0.7317050099372864, 2.720869541168213, 1.2616212368011475, 3.2612147331237793, -0.25078800320625305, -0.7372230887413025, 1.023105502128601, 3.347029447555542, -0.732801616191864, 1.1045671701431274, 0.9377493858337402, 0.060434941202402115, 1.883143424987793, 0.891631007194519, 2.259432077407837, 1.430683970451355, -0.20395778119564056, -0.6088055372238159, 0.23828071355819702, 1.840022087097168, 1.5318162441253662, -0.07572396099567413, 0.73459392786026, 1.0755473375320435, -0.928956151008606, -0.6403034329414368, 2.8120169639587402, 0.6335080862045288, 1.2368319034576416, 0.07441268116235733, -0.03356128931045532, 2.2241268157958984, -0.1496247947216034, 0.8269051313400269, 1.8076114654541016, 1.3374680280685425, 0.08455706387758255, -0.10592680424451828, 1.4636470079421997, 2.3043341636657715, 2.190812826156616, 2.8933515548706055, 0.9447920322418213, -0.4405074417591095, 0.018903620541095734, 1.9471518993377686, -0.40174543857574463, 1.5425589084625244, 0.006825596559792757, 1.6094255447387695, -0.568889319896698, 0.7379497289657593, 1.3828232288360596, -0.6551448106765747, 1.670384407043457, 1.637826919555664, 0.7685668468475342, 0.7858496308326721, 0.0044818236492574215, 0.7296326160430908, 0.11540618538856506, 2.8197219371795654, -0.3343162536621094, 1.9321569204330444, 2.8874447345733643, 0.7777979373931885, 0.9144415259361267, 1.1193574666976929, 1.3586156368255615, 1.7108922004699707, 1.8775404691696167, 0.3334333300590515, 4.481564521789551, -1.7277418375015259, 1.7187941074371338, 2.4351303577423096, 1.0492292642593384, 1.0344345569610596, 2.1349711418151855, 0.7626051902770996, -0.4238998591899872, 2.862621784210205, 2.5056965351104736, 3.1185107231140137, 0.5255086421966553, 1.6535029411315918, 3.2735958099365234, 0.9688764214515686, 1.774007797241211, 2.9359395503997803, 0.9783956408500671, 2.6987388134002686, 2.946779727935791, 0.4856315851211548, 1.360378623008728, 1.2989821434020996, 1.4082084894180298, 1.3999922275543213, 0.8177072405815125, 0.9400180578231812, 1.7003555297851562, 0.8319209814071655, -0.6242258548736572, 0.596691906452179, 1.219495415687561, -1.4850499629974365, 1.9414376020431519, 0.6121755242347717, 1.5681732892990112, 2.4015052318573, 2.0724165439605713, 3.119614839553833, -1.7118642330169678, -0.31980860233306885, 1.7183867692947388, -0.40224161744117737, 1.721287727355957, 1.3896777629852295, 0.30140483379364014, -1.1421533823013306, 1.9609898328781128, -0.715397834777832, -0.8005737066268921, 2.101775884628296, -1.534759283065796, 2.045846939086914, -0.9959715604782104, 3.299304246902466, -0.5221213102340698, -0.544700026512146, 0.016679352149367332, 0.3666647970676422, 0.6903853416442871, 3.8639976978302, 0.5507552027702332, 0.6590645909309387, 3.3009250164031982, 1.0365614891052246],