{"name": "SPO", "val_loss": 0.6931471824645996, "val_ROC_AUC": 0.9235111111111112, "val_PR_AUC": 0.9352811704112906, "val_crit_real_mean": -0.2655623142545422, "val_crit_real_std": 1.0533459988411649, "val_crit_sampled_mean": 2.214432698003948, "val_crit_sampled_std": 1.4071244488240677, "crit_real": [0.03490084782242775, -0.056625526398420334, -2.458986759185791, 0.18061672151088715, 0.09911954402923584, 1.2974809408187866, 0.15776783227920532, -0.02964339219033718, 0.353957861661911, -0.49974167346954346, 0.6664972901344299, 0.13686461746692657, -0.16446742415428162, -1.4840619564056396, 0.22479647397994995, 1.6185648441314697, -1.6885677576065063, -0.8903665542602539, -1.826063632965088, -0.6161112189292908, -0.04245841130614281, -0.31457120180130005, 1.0530104637145996, 0.06671077758073807, 0.7320404052734375, -0.8817204236984253, 0.8770918250083923, 0.8691231608390808, 0.5177217125892639, 0.8346838355064392, -0.08102536201477051, 0.34536874294281006, -2.3839755058288574, 0.3547007739543915, -0.6452061533927917, -1.1581957340240479, -0.6309309601783752, 0.6418173909187317, 0.41168561577796936, -0.654862642288208, -0.04639262706041336, -0.4044272303581238, 1.4842954874038696, 0.6960105299949646, -0.47461849451065063, 0.8828632235527039, 0.62677001953125, -1.9766713380813599, 0.9995319843292236, 0.07853294163942337, -0.7469942569732666, -2.1554794311523438, 0.19011060893535614, 0.28611138463020325, -0.8941031694412231, 0.45510751008987427, -0.5404261350631714, 2.9570631980895996, -0.8270716071128845, 1.3182135820388794, 0.3286018669605255, 0.4361986517906189, -0.9760263562202454, -1.245848536491394, 0.7958125472068787, 0.06600002944469452, -2.2013208866119385, -0.8241987824440002, 0.2652215361595154, 1.743310809135437, -0.925340473651886, 0.3305114805698395, -0.19682613015174866, -1.1216439008712769, -0.37281864881515503, 0.25056537985801697, -0.4468376338481903, 1.5025542974472046, -1.7933984994888306, -0.5603677034378052, -4.191112518310547, -0.35983821749687195, -1.2645113468170166, -1.2941373586654663, -1.1781909465789795, -1.4798996448516846, -1.8071184158325195, -0.42125046253204346, -0.8246115446090698, -1.8929593563079834, -1.0341309309005737, 1.131421446800232, 0.2562448978424072, -0.8604212999343872, 0.6462271809577942, -0.7352893352508545, 0.12381375581026077, -0.3197379410266876, 0.17640046775341034, 0.10895717144012451, -0.2894088923931122, -0.4117911458015442, -0.35597819089889526, 0.7953433394432068, 1.0155984163284302, -0.5988038778305054, 0.13181473314762115, 0.5819440484046936, 1.077968716621399, -0.5959173440933228, 1.161617636680603, 0.387807160615921, -0.5624040961265564, 0.579293429851532, -2.125153064727783, -2.42572283744812, -0.24668683111667633, 0.5938142538070679, -0.06508579850196838, 1.1100698709487915, -1.1918425559997559, 1.0295114517211914, 0.6625990867614746, -2.514883518218994, -0.6117990016937256, -1.8243764638900757, -0.32763805985450745, 0.9914689064025879, 0.796805202960968, 0.0362715870141983, 0.9764667749404907, -0.4951537549495697, -0.5688914656639099, 0.6781682968139648, -1.5981724262237549, -1.5029817819595337, -1.1536005735397339, -1.5800955295562744, -0.5674595236778259, -1.0939445495605469, -1.3633612394332886, 0.952105700969696, -0.465926855802536, -0.5025196671485901, -2.59891676902771, -1.1899096965789795, -0.8615176677703857, -0.12850315868854523, 0.3537141978740692, -0.6376538276672363], "crit_sampled": [1.6095854043960571, 2.0022315979003906, -0.6714382767677307, 1.7760217189788818, 2.8911876678466797, 4.271402835845947, 3.183227777481079, 1.7908117771148682, 2.171694755554199, 2.587045907974243, 1.9415783882141113, 2.1295862197875977, 2.9310476779937744, 4.563201904296875, 2.107970952987671, 4.011683464050293, 2.0289864540100098, 3.3102774620056152, 3.48928165435791, 3.888925790786743, 2.964305877685547, 3.7524874210357666, 2.817695379257202, 3.167182445526123, 3.2677342891693115, -1.0501368045806885, 2.7164759635925293, 1.4673250913619995, 0.7107175588607788, 0.9375517964363098, 4.696907043457031, 1.713140845298767, 1.4153032302856445, 3.596673011779785, 0.7178628444671631, 4.37669038772583, -0.028198102489113808, 2.24810528755188, 1.530070185661316, 1.3871482610702515, 0.5849758386611938, -0.3389952480792999, 3.9682319164276123, 3.4463915824890137, 0.6806930899620056, 3.1532692909240723, 0.7306411266326904, 1.8805227279663086, 3.6904234886169434, 1.1246700286865234, 1.5898491144180298, 3.2261407375335693, 1.5461924076080322, 3.6545250415802, 6.287959098815918, 0.7300395965576172, 1.0002821683883667, 1.5084853172302246, -0.06645838916301727, 2.9855198860168457, 3.2257747650146484, 2.270376443862915, 1.79965341091156, 3.4434752464294434, 2.553184747695923, 0.4164748787879944, 2.0205228328704834, 2.713165760040283, 0.4784620404243469, 0.650700032711029, 4.056453227996826, 1.54444420337677, 3.1256141662597656, 4.779131889343262, -0.058000653982162476, 1.288156270980835, 4.379701137542725, 2.940866231918335, 2.233198404312134, 0.7513386011123657, 2.75895619392395, 4.328387260437012, 0.035933542996644974, 1.198494553565979, 3.0970189571380615, 2.3040692806243896, 2.0606236457824707, 3.2896244525909424, 1.447953701019287, 1.0771480798721313, 4.909966945648193, 2.0725040435791016, 1.5467456579208374, 3.5237843990325928, 1.4816089868545532, 1.7880010604858398, 2.318561553955078, 1.5738787651062012, 3.838956117630005, 2.4678127765655518, 3.48555064201355, -0.35434168577194214, 0.546993613243103, 2.901554584503174, 1.754056453704834, 2.977241277694702, 3.220977306365967, 1.1597179174423218, 4.3475542068481445, 2.1803784370422363, 0.22773294150829315, 6.118533134460449, 2.4287447929382324, 0.7498581409454346, -0.46180179715156555, 0.6167229413986206, 1.2177722454071045, 2.632866382598877, 1.9228237867355347, 2.820845365524292, 3.739006280899048, 1.9326375722885132, 3.1110026836395264, 3.1875245571136475, 1.4669355154037476, 1.3915443420410156, 3.10958194732666, 2.8919174671173096, 2.640378952026367, 0.3180449903011322, 3.0724170207977295, 2.7685205936431885, 1.1427092552185059, 4.390481948852539, 1.1346665620803833, 0.875676691532135, 4.567561626434326, 4.658084869384766, -0.25597333908081055, 2.5638551712036133, 0.16022835671901703, 1.0715683698654175, -0.11029741913080215, 1.1751621961593628, 3.4428608417510986, 0.3019842803478241, 2.4029111862182617, 2.4015302658081055, 2.5369529724121094, 2.046212673187256], "fpr": [0.0, 0.0, 0.0, 0.006666666666666667, 0.006666666666666667, 0.013333333333333334, 0.013333333333333334, 0.02, 0.02, 0.03333333333333333, 0.03333333333333333, 0.04666666666666667, 0.04666666666666667, 0.05333333333333334, 0.05333333333333334, 0.06, 0.06, 0.07333333333333333, 0.07333333333333333, 0.09333333333333334, 0.09333333333333334, 0.12, 0.12, 0.13333333333333333, 0.13333333333333333, 0.16666666666666666, 0.16666666666666666, 0.17333333333333334, 0.17333333333333334, 0.18, 0.18, 0.2, 0.2, 0.22, 0.22, 0.22666666666666666, 0.22666666666666666, 0.24, 0.24, 0.24666666666666667, 0.24666666666666667, 0.26, 0.26, 0.31333333333333335, 0.31333333333333335, 0.34, 0.34, 0.36666666666666664, 0.36666666666666664, 0.43333333333333335, 0.43333333333333335, 0.44, 0.44, 0.4666666666666667, 0.4666666666666667, 0.47333333333333333, 0.47333333333333333, 0.48, 0.48, 0.5066666666666667, 0.5066666666666667, 0.5333333333333333, 0.5333333333333333, 0.58, 0.58, 0.7, 0.7, 0.7866666666666666, 0.7866666666666666, 1.0],