{"name": "SPO", "val_loss": 0.6931471824645996, "val_ROC_AUC": 0.6996888888888889, "val_PR_AUC": 0.7375509637313399, "val_crit_real_mean": 0.16165224196156486, "val_crit_real_std": 1.0294625300138718, "val_crit_sampled_mean": 1.1030957716330887, "val_crit_sampled_std": 1.4158168455333877, "crit_real": [0.30088257789611816, -1.0244947671890259, 0.8702894449234009, -1.4417599439620972, 0.10975582897663116, 0.5341524481773376, -2.032235622406006, 0.3307390511035919, -0.07205028086900711, -0.9685484170913696, 0.8353480696678162, 0.4392958879470825, -0.1254422962665558, -0.20572695136070251, 0.6169148683547974, -0.34287476539611816, -0.9302138686180115, 0.6699734926223755, 0.8128902912139893, 0.7139514088630676, 0.5039514899253845, 1.0646127462387085, 0.3137509524822235, -0.051195330917835236, 0.4541146457195282, 0.8406932950019836, 0.34163862466812134, 2.7310311794281006, 0.4467819929122925, 0.032284822314977646, 0.4369998574256897, -0.9539086818695068, -0.26661157608032227, -1.5073764324188232, 0.7336989045143127, -0.49876996874809265, -0.9775158166885376, 0.0780237689614296, 0.07743969559669495, 1.0223031044006348, 1.756832242012024, 0.3961396813392639, 0.39357268810272217, -0.11691111326217651, 0.5357112884521484, 0.42979928851127625, -0.02469201199710369, -1.8416246175765991, 0.00041718839202076197, 0.40614840388298035, 1.5992131233215332, -0.07657457143068314, 0.9338480830192566, -1.5133130550384521, 0.8620038032531738, -0.3143795132637024, -1.2669081687927246, 0.9472132325172424, -3.376678943634033, -0.09952792525291443, -0.29897961020469666, 2.4939186573028564, 1.903246521949768, 0.8288556337356567, 0.5942496061325073, 2.47538423538208, -0.8463728427886963, -1.1160203218460083, -1.176160454750061, 0.02853991836309433, 0.43917417526245117, 1.1856355667114258, -1.2454559803009033, 0.9202178716659546, -0.11841793358325958, -0.16572894155979156, -1.2475998401641846, 0.14826735854148865, -0.9141183495521545, -0.6499025821685791, -0.8621937036514282, -0.25088340044021606, -0.3392776846885681, 1.6263313293457031, 0.6026421785354614, 0.6881263852119446, 0.25631651282310486, 0.10596372187137604, 0.21400700509548187, -2.3631937503814697, 0.6063156723976135, 1.5706429481506348, -0.4263399541378021, -0.6387950778007507, -0.6417005062103271, -0.6604865193367004, 1.0826507806777954, -1.5711946487426758, 0.005429808981716633, 0.6665363907814026, -1.1563001871109009, 1.1481648683547974, 0.012170023284852505, 0.41812664270401, -1.4731990098953247, 0.9375298619270325, 1.3763811588287354, -1.1624614000320435, 1.5625134706497192, -0.8624023199081421, 0.2874181866645813, 1.8616557121276855, 0.9710584282875061, 1.1177887916564941, 0.3449403643608093, 1.4340143203735352, -0.42393097281455994, 0.02581564337015152, 0.18877650797367096, -0.3898402452468872, -0.5164943933486938, -1.774296522140503, 2.1294329166412354, 0.891642689704895, 0.4446854591369629, 1.3660681247711182, 0.6457197666168213, 0.608574628829956, 1.6791373491287231, 1.5447638034820557, 2.179547071456909, -0.5094464421272278, 0.9201374053955078, 0.12026862800121307, 0.02803119644522667, -0.5176602005958557, 0.47882330417633057, -0.07656010240316391, 1.5099821090698242, 0.699264645576477, -2.0500779151916504, -0.7551063895225525, -0.7459043264389038, 1.863001823425293, 1.5128796100616455, 0.48351261019706726, 0.2499503493309021, -1.16702401638031, 0.2823251485824585, 0.0517251081764698], "crit_sampled": [-0.4345833659172058, 2.0981831550598145, 0.024000512436032295, 0.9181085228919983, 3.599257469177246, 0.3869283199310303, -0.9560139179229736, 1.7423551082611084, -0.4765753448009491, 0.12731453776359558, 2.279573917388916, 2.0714292526245117, 1.2515560388565063, 1.4676141738891602, 1.610119104385376, 2.30202317237854, -0.870334267616272, 0.831650972366333, 3.562432050704956, 1.2284969091415405, 0.24554362893104553, 2.1701700687408447, 1.565751552581787, 0.3005138337612152, 0.6466067433357239, 0.7532927393913269, 2.5633761882781982, 0.10390152782201767, 0.6131621599197388, 0.058799877762794495, 2.186351776123047, -1.0848859548568726, -0.4749089777469635, 1.2961541414260864, 0.9458106160163879, 4.229290008544922, -0.317194402217865, 0.2010309100151062, -0.8885258436203003, 1.2625170946121216, 1.039473056793213, -0.35331666469573975, 0.11180313676595688, 0.7394129633903503, 0.736679196357727, -1.8054325580596924, -2.4720804691314697, -0.5488829016685486, 1.054745078086853, 0.12827634811401367, 0.9319950342178345, 1.7838150262832642, 1.930880069732666, 0.3584052622318268, 2.4062485694885254, -2.7812607288360596, -0.48556673526763916, 0.98136967420578, -1.4909400939941406, 2.234358310699463, -0.7197213172912598, 2.5067617893218994, -0.6260013580322266, 3.0288381576538086, 0.5894194841384888, 1.4476487636566162, 1.4629374742507935, 0.08256401866674423, 0.5773887634277344, 0.8004645109176636, -1.0718097686767578, 2.8357927799224854, 0.7690603733062744, 0.36896225810050964, -0.2657945156097412, 1.465186357498169, 1.2526804208755493, 2.9111764430999756, -0.5117831826210022, 0.10239692032337189, -0.17792591452598572, 1.6033198833465576, 1.0530035495758057, 0.4207395017147064, 3.9060893058776855, 2.19553542137146, 2.218651533126831, 3.8133721351623535, 0.6044232249259949, -0.042556282132864, 2.394514322280884, 2.0929830074310303, 1.477477788925171, 1.5124764442443848, 1.3217157125473022, 1.0848208665847778, 1.0404458045959473, -1.6170580387115479, 3.6434340476989746, 3.5142369270324707, 1.326551914215088, 1.0247418880462646, -1.0303114652633667, 1.7525787353515625, 1.7519789934158325, 2.6371309757232666, -0.1692884862422943, 0.11539564281702042, 2.5656204223632812, 3.239250898361206, 0.1292978823184967, 2.3951869010925293, 2.509852170944214, 0.4422830641269684, 0.46165430545806885, 3.1121633052825928, 0.1203523725271225, 0.7958067059516907, 3.3664073944091797, 0.6913017630577087, 0.7215582132339478, 0.02559082582592964, 1.1093981266021729, 3.820805549621582, 3.9558732509613037, 1.3119394779205322, 0.7294452786445618, -0.2306356579065323, 0.08545412123203278, 3.017516851425171, 0.18188735842704773, 1.0488309860229492, 2.365694522857666, 0.4499419629573822, 0.9582371711730957, 2.281708002090454, 1.1605846881866455, 2.8787941932678223, -0.19201159477233887, 1.0349440574645996, -0.19874103367328644, -0.692046046257019, 1.8921449184417725, 0.9190672039985657, 4.033759593963623, 0.8968284130096436, 5.366018772125244, 2.4507334232330322, 1.917818546295166, 2.219125986099243],