{"name": "DPO", "val_loss": 0.005736207108141874, "val_ROC_AUC": 0.9760888888888888, "val_PR_AUC": 0.9807182690915056, "val_crit_real_mean": -17.122286542256674, "val_crit_real_std": 3.000631482365907, "val_crit_sampled_mean": -8.46223464568456, "val_crit_sampled_std": 2.958585380225617}