{"name": "DPO", "val_loss": 0.001635207191131419, "val_ROC_AUC": 0.9709777777777777, "val_PR_AUC": 0.972341077160469, "val_crit_real_mean": -19.077691300710043, "val_crit_real_std": 2.9471476273710686, "val_crit_sampled_mean": -11.93494714419047, "val_crit_sampled_std": 2.3127475783397142}